KniggeId;Bezeichnung;Ergaenzung;Dokumentklasse;BereichId;Bereich;OrdnerId;Ordner;OrdnerKuerzel;RegisterId;Register;Status;PosteingangDokumentArt;PostausgangDokumentArt;Postausgang anlegen;Handakte;Beschreibung;Beschreibung sichern;Bearbeiter;Kenntnisnehmer;SicherheitsbereichId;SicherheitsbereichKuerzel;Sicherheitsbereich;LöschenNach;ArchivierenNach;ArchivId;Archiv;Person;Aktenzeichenbereich;Spalte_30;Notizen
1002;Aktenvermerk:;;Dokument;1;Mandanten;3;Stammakte;Stamm;2;Korrespondenz;erledigt;;;;;{$Document.KniggeName$} {$Document.KniggeExtension$} {$Document.AllYearsMonth$};nein;@@CurrentUserId;@@User_MV;;;;@@DateFirstDayOfYearAfter12Years;@@DateFirstDayOfYearAfter2Years;4;Keller;;;;
1003;Anteilsübertragungsvertrag;;Dokument;1;Mandanten;3;Stammakte;Stamm;5;Verträge;erledigt;5855;;;;{$Document.KniggeName$} {$Document.KniggeExtension$} {$Document.AllYearsMonth$};nein;@@CurrentUserId;;0;;<Keine Angabe>;;@@DateFirstDayOfYearAfter2Years;4;Keller;;;;
1005;Ba:;;Dokument;1;Mandanten;3;Stammakte;Stamm;2;Korrespondenz;erledigt;;8000;nein;;{$Document.KniggeName$} {$Document.KniggeExtension$} {$Document.AllYearsMonth$};nein;@@CurrentUserId;;0;;<Keine Angabe>;@@DateFirstDayOfYearAfter12Years;@@DateFirstDayOfYearAfter2Years;4;Keller;;;;
1006;BaBank Unterlagen allgemein;;Dokument;1;Mandanten;3;Stammakte;Stamm;2;Korrespondenz;erledigt;;8000;nein;;{$Document.KniggeName$} {$Document.KniggeExtension$} {$Document.AllYearsMonth$};nein;@@CurrentUserId;;0;;<Keine Angabe>;@@DateFirstDayOfYearAfter12Years;@@DateFirstDayOfYearAfter2Years;4;Keller;;;;
1007;BaBank Unterlagen Jahresabschluss;;Dokument;1;Mandanten;4;Jahresabschluss /Bilanz;JA / Bil;13;Korrespondenz;erledigt;;8000;nein;;{$Document.KniggeName$} {$Document.KniggeExtension$} {$Document.AllYearsMonth$};nein;@@CurrentUserId;;0;;<Keine Angabe>;@@DateFirstDayOfYearAfter12Years;@@DateFirstDayOfYearAfter2Years;4;Keller;;;;
1008;BaBank:;;Dokument;1;Mandanten;3;Stammakte;Stamm;2;Korrespondenz;erledigt;;8000;nein;;{$Document.KniggeName$} {$Document.KniggeExtension$} {$Document.AllYearsMonth$};nein;@@CurrentUserId;;0;;<Keine Angabe>;@@DateFirstDayOfYearAfter12Years;@@DateFirstDayOfYearAfter2Years;4;Keller;;;;
1009;BaFA Anforderung Steuernummer;;Dokument;1;Mandanten;3;Stammakte;Stamm;575;Dauerakte;erledigt;;5600;ja;;{$Document.KniggeName$} {$Document.KniggeExtension$} {$Document.AllYearsMonth$};nein;@@CurrentUserId;;;;;@@DateFirstDayOfYearAfter12Years;@@DateFirstDayOfYearAfter2Years;4;Keller;;;;
1010;BaFA Antrag auf Anpassung der VZ;;Dokument;1;Mandanten;5;Steuerakte;Steuern;24;Korrespondenz;erledigt;;5600;ja;;{$Document.KniggeName$} {$Document.KniggeExtension$} {$Document.AllYearsMonth$};nein;@@CurrentUserId;;0;;<Keine Angabe>;@@DateFirstDayOfYearAfter12Years;@@DateFirstDayOfYearAfter2Years;4;Keller;;;;
1011;BaFA Antrag auf Stundung;;Dokument;1;Mandanten;5;Steuerakte;Steuern;24;Korrespondenz;erledigt;;5600;ja;;{$Document.KniggeName$} {$Document.KniggeExtension$} {$Document.AllYearsMonth$};nein;@@CurrentUserId;;0;;<Keine Angabe>;@@DateFirstDayOfYearAfter12Years;@@DateFirstDayOfYearAfter2Years;4;Keller;;;;
1012;BaFA Antrag auf Wiedereinsetzung;;Dokument;1;Mandanten;5;Steuerakte;Steuern;24;Korrespondenz;erledigt;;5600;ja;;{$Document.KniggeName$} {$Document.KniggeExtension$} {$Document.AllYearsMonth$};nein;@@CurrentUserId;;0;;<Keine Angabe>;@@DateFirstDayOfYearAfter12Years;@@DateFirstDayOfYearAfter2Years;4;Keller;;;;
1013;BaFA Antwort auf Rückfragen Antrag;;Dokument;1;Mandanten;5;Steuerakte;Steuern;24;Korrespondenz;erledigt;;5600;ja;;{$Document.KniggeName$} {$Document.KniggeExtension$} {$Document.AllYearsMonth$};nein;@@CurrentUserId;;0;;<Keine Angabe>;@@DateFirstDayOfYearAfter12Years;@@DateFirstDayOfYearAfter2Years;4;Keller;;;;
1014;BaFA Antwort auf Rückfragen Steuererklärung;;Dokument;1;Mandanten;5;Steuerakte;Steuern;24;Korrespondenz;erledigt;;5600;ja;;{$Document.KniggeName$} {$Document.KniggeExtension$} {$Document.AllYearsMonth$};nein;@@CurrentUserId;;0;;<Keine Angabe>;@@DateFirstDayOfYearAfter12Years;@@DateFirstDayOfYearAfter2Years;4;Keller;;;;
1015;BaFA Einspruch;;Dokument;1;Mandanten;5;Steuerakte;Steuern;582;Rechtsbehelfe;erledigt;;4000;ja;;{$Document.KniggeName$} {$Document.KniggeExtension$} {$Document.AllYearsMonth$};nein;@@CurrentUserId;;0;;<Keine Angabe>;@@DateFirstDayOfYearAfter12Years;@@DateFirstDayOfYearAfter2Years;4;Keller;;;;
1017;BaFA Fragebogen zur steuerlichen Erfassung;;Dokument;1;Mandanten;3;Stammakte;Stamm;575;Dauerakte;erledigt;;5600;ja;;{$Document.KniggeName$} {$Document.KniggeExtension$} {$Document.AllYearsMonth$};nein;@@CurrentUserId;;;;;@@DateFirstDayOfYearAfter12Years;@@DateFirstDayOfYearAfter2Years;4;Keller;;;;
1018;BaFA Mandatsbeendigung;;Dokument;1;Mandanten;3;Stammakte;Stamm;9;Auftragsunterlagen;erledigt;;5600;ja;;{$Document.KniggeName$} {$Document.KniggeExtension$} {$Document.AllYearsMonth$};nein;@@CurrentUserId;;;;;@@DateFirstDayOfYearAfter12Years;@@DateFirstDayOfYearAfter2Years;4;Keller;;;;
1019;BaFA Prüfung;;Dokument;1;Mandanten;5;Steuerakte;Steuern;573;Betriebsprüfung;erledigt;;5600;ja;;{$Document.KniggeName$} {$Document.KniggeExtension$} {$Document.AllYearsMonth$};nein;@@CurrentUserId;;0;;<Keine Angabe>;@@DateFirstDayOfYearAfter12Years;@@DateFirstDayOfYearAfter2Years;4;Keller;;;;
1020;BaFA Prüfungsanordnung;;Dokument;1;Mandanten;5;Steuerakte;Steuern;573;Betriebsprüfung;erledigt;;5600;ja;;{$Document.KniggeName$} {$Document.KniggeExtension$} {$Document.AllYearsMonth$};nein;@@CurrentUserId;;0;;<Keine Angabe>;@@DateFirstDayOfYearAfter12Years;@@DateFirstDayOfYearAfter2Years;4;Keller;;;;
1021;BaFA Übersendung Steuererklärung;;Dokument;1;Mandanten;5;Steuerakte;Steuern;24;Korrespondenz;erledigt;;5600;ja;;{$Document.KniggeName$} {$Document.KniggeExtension$} {$Document.AllYearsMonth$};nein;@@CurrentUserId;;0;;<Keine Angabe>;@@DateFirstDayOfYearAfter12Years;@@DateFirstDayOfYearAfter2Years;4;Keller;;;;
1022;BaFA Übersendung Vollmacht;;Dokument;1;Mandanten;5;Steuerakte;Steuern;24;Korrespondenz;erledigt;;5600;ja;;{$Document.KniggeName$} {$Document.KniggeExtension$} {$Document.AllYearsMonth$};nein;@@CurrentUserId;;0;;<Keine Angabe>;@@DateFirstDayOfYearAfter12Years;@@DateFirstDayOfYearAfter2Years;4;Keller;;;;
1023;BaFA:;;Dokument;1;Mandanten;5;Steuerakte;Steuern;24;Korrespondenz;erledigt;;5600;ja;;{$Document.KniggeName$} {$Document.KniggeExtension$} {$Document.AllYearsMonth$};nein;@@CurrentUserId;;0;;<Keine Angabe>;@@DateFirstDayOfYearAfter12Years;@@DateFirstDayOfYearAfter2Years;4;Keller;;;;
1024;BaM Anforderung Fibu-Unterlagen;;Dokument;1;Mandanten;8;Finanzbuchhaltung;FIBU;581;Korrespondenz;erledigt;;3600;ja;;{$Document.KniggeName$} {$Document.KniggeExtension$} {$Document.AllYearsMonth$};nein;@@CurrentUserId;;0;;<Keine Angabe>;@@DateFirstDayOfYearAfter12Years;@@DateFirstDayOfYearAfter2Years;4;Keller;;;;
1025;BaM Anforderung JA-Unterlagen;;Dokument;1;Mandanten;4;Jahresabschluss /Bilanz;JA / Bil;13;Korrespondenz;erledigt;;3600;ja;;{$Document.KniggeName$} {$Document.KniggeExtension$} {$Document.AllYearsMonth$};nein;@@CurrentUserId;;0;;<Keine Angabe>;@@DateFirstDayOfYearAfter12Years;@@DateFirstDayOfYearAfter2Years;4;Keller;;;;
1026;BaM Anforderung Steuerunterlagen;;Dokument;1;Mandanten;5;Steuerakte;Steuern;24;Korrespondenz;erledigt;;3600;ja;;{$Document.KniggeName$} {$Document.KniggeExtension$} {$Document.AllYearsMonth$};nein;@@CurrentUserId;;0;;<Keine Angabe>;@@DateFirstDayOfYearAfter12Years;@@DateFirstDayOfYearAfter2Years;4;Keller;;;;
1027;BaM Auftragsbestätigung;;Dokument;1;Mandanten;3;Stammakte;Stamm;9;Auftragsunterlagen;erledigt;;3600;ja;;{$Document.KniggeName$} {$Document.KniggeExtension$} {$Document.AllYearsMonth$};nein;@@CurrentUserId;;0;;<Keine Angabe>;@@DateFirstDayOfYearAfter12Years;@@DateFirstDayOfYearAfter2Years;4;Keller;;;;
1028;BaM ESt-Bescheid;;Dokument;1;Mandanten;5;Steuerakte;Steuern;24;Korrespondenz;erledigt;;3600;ja;;{$Document.KniggeName$} {$Document.KniggeExtension$} {$Document.AllYearsMonth$};nein;@@CurrentUserId;;0;;<Keine Angabe>;@@DateFirstDayOfYearAfter12Years;@@DateFirstDayOfYearAfter2Years;4;Keller;;;;
1029;BaM Fibu-Auswertungen;;Dokument;1;Mandanten;8;Finanzbuchhaltung;FIBU;581;Korrespondenz;erledigt;;3600;ja;;{$Document.KniggeName$} {$Document.KniggeExtension$} {$Document.AllYearsMonth$};nein;@@CurrentUserId;;0;;<Keine Angabe>;@@DateFirstDayOfYearAfter12Years;@@DateFirstDayOfYearAfter2Years;4;Keller;;;;
1030;BaM Fibu-Rückfragen;;Dokument;1;Mandanten;8;Finanzbuchhaltung;FIBU;581;Korrespondenz;erledigt;;3600;ja;;{$Document.KniggeName$} {$Document.KniggeExtension$} {$Document.AllYearsMonth$};nein;@@CurrentUserId;;0;;<Keine Angabe>;@@DateFirstDayOfYearAfter12Years;@@DateFirstDayOfYearAfter2Years;4;Keller;;;;
1031;BaM GewSt-Bescheid;;Dokument;1;Mandanten;5;Steuerakte;Steuern;24;Korrespondenz;erledigt;;3600;ja;;{$Document.KniggeName$} {$Document.KniggeExtension$} {$Document.AllYearsMonth$};nein;@@CurrentUserId;;0;;<Keine Angabe>;@@DateFirstDayOfYearAfter12Years;@@DateFirstDayOfYearAfter2Years;4;Keller;;;;
1032;BaM Hinweis Vorauszahlungen;;Dokument;1;Mandanten;5;Steuerakte;Steuern;24;Korrespondenz;erledigt;;3600;ja;;{$Document.KniggeName$} {$Document.KniggeExtension$} {$Document.AllYearsMonth$};nein;@@CurrentUserId;;0;;<Keine Angabe>;@@DateFirstDayOfYearAfter12Years;@@DateFirstDayOfYearAfter2Years;4;Keller;;;;
1033;BaM KSt-Bescheid;;Dokument;1;Mandanten;5;Steuerakte;Steuern;24;Korrespondenz;erledigt;;3600;ja;;{$Document.KniggeName$} {$Document.KniggeExtension$} {$Document.AllYearsMonth$};nein;@@CurrentUserId;;0;;<Keine Angabe>;@@DateFirstDayOfYearAfter12Years;@@DateFirstDayOfYearAfter2Years;4;Keller;;;;
1034;BaM Lohn-Auswertungen;;Dokument;1;Mandanten;9;Lohn;LOHN;62;Korrespondenz;erledigt;;3600;nein;;{$Document.KniggeName$} {$Document.KniggeExtension$} {$Document.AllYearsMonth$};nein;@@CurrentUserId;;0;;<Keine Angabe>;@@DateFirstDayOfYearAfter12Years;@@DateFirstDayOfYearAfter2Years;4;Keller;;;;
1035;BaM Lohn-Mitteilung;;Dokument;1;Mandanten;9;Lohn;LOHN;62;Korrespondenz;erledigt;;3600;nein;;{$Document.KniggeName$} {$Document.KniggeExtension$} {$Document.AllYearsMonth$};nein;@@CurrentUserId;;0;;<Keine Angabe>;@@DateFirstDayOfYearAfter12Years;@@DateFirstDayOfYearAfter2Years;4;Keller;;;;
1036;BaM Lohn-Pfändung;;Dokument;1;Mandanten;9;Lohn;LOHN;62;Korrespondenz;erledigt;;3600;nein;;{$Document.KniggeName$} {$Document.KniggeExtension$} {$Document.AllYearsMonth$};nein;@@CurrentUserId;;0;;<Keine Angabe>;@@DateFirstDayOfYearAfter12Years;@@DateFirstDayOfYearAfter2Years;4;Keller;;;;
1037;BaM Lohn-Rückfragen;;Dokument;1;Mandanten;9;Lohn;LOHN;62;Korrespondenz;erledigt;;3600;nein;;{$Document.KniggeName$} {$Document.KniggeExtension$} {$Document.AllYearsMonth$};nein;@@CurrentUserId;;0;;<Keine Angabe>;@@DateFirstDayOfYearAfter12Years;@@DateFirstDayOfYearAfter2Years;4;Keller;;;;
1038;BaM Lohn-Unterlagen;;Dokument;1;Mandanten;9;Lohn;LOHN;62;Korrespondenz;erledigt;;3600;nein;;{$Document.KniggeName$} {$Document.KniggeExtension$} {$Document.AllYearsMonth$};nein;@@CurrentUserId;;0;;<Keine Angabe>;@@DateFirstDayOfYearAfter12Years;@@DateFirstDayOfYearAfter2Years;4;Keller;;;;
1039;BaM Mahnung Vorauszahlungen;;Dokument;1;Mandanten;5;Steuerakte;Steuern;24;Korrespondenz;erledigt;;3600;ja;;{$Document.KniggeName$} {$Document.KniggeExtension$} {$Document.AllYearsMonth$};nein;@@CurrentUserId;;0;;<Keine Angabe>;@@DateFirstDayOfYearAfter12Years;@@DateFirstDayOfYearAfter2Years;4;Keller;;;;
1040;BaM Mandatsbeendigung;;Dokument;1;Mandanten;3;Stammakte;Stamm;9;Auftragsunterlagen;erledigt;;3600;ja;;{$Document.KniggeName$} {$Document.KniggeExtension$} {$Document.AllYearsMonth$};nein;@@CurrentUserId;;0;;<Keine Angabe>;@@DateFirstDayOfYearAfter12Years;@@DateFirstDayOfYearAfter2Years;4;Keller;;;;
1041;BaM Neumandant/Angebot;;Dokument;1;Mandanten;3;Stammakte;Stamm;9;Auftragsunterlagen;erledigt;;3600;ja;;{$Document.KniggeName$} {$Document.KniggeExtension$} {$Document.AllYearsMonth$};nein;@@CurrentUserId;;0;;<Keine Angabe>;@@DateFirstDayOfYearAfter12Years;@@DateFirstDayOfYearAfter2Years;4;Keller;;;;
1042;BaM Prüfung;;Dokument;1;Mandanten;5;Steuerakte;Steuern;573;Betriebsprüfung;erledigt;;3600;ja;;{$Document.KniggeName$} {$Document.KniggeExtension$} {$Document.AllYearsMonth$};nein;@@CurrentUserId;;0;;<Keine Angabe>;@@DateFirstDayOfYearAfter12Years;@@DateFirstDayOfYearAfter2Years;4;Keller;;;;
1043;BaM Steuerbescheidprüfung;;Dokument;1;Mandanten;5;Steuerakte;Steuern;24;Korrespondenz;erledigt;;3600;ja;;{$Document.KniggeName$} {$Document.KniggeExtension$} {$Document.AllYearsMonth$};nein;@@CurrentUserId;;0;;<Keine Angabe>;@@DateFirstDayOfYearAfter12Years;@@DateFirstDayOfYearAfter2Years;4;Keller;;;;
1044;BaM Übersendung JA;;Dokument;1;Mandanten;4;Jahresabschluss /Bilanz;JA / Bil;13;Korrespondenz;erledigt;;3600;ja;;{$Document.KniggeName$} {$Document.KniggeExtension$} {$Document.AllYearsMonth$};nein;@@CurrentUserId;;0;;<Keine Angabe>;@@DateFirstDayOfYearAfter12Years;@@DateFirstDayOfYearAfter2Years;4;Keller;;;;
1045;BaM Übersendung Steuererklärung;;Dokument;1;Mandanten;5;Steuerakte;Steuern;24;Korrespondenz;erledigt;;3600;ja;;{$Document.KniggeName$} {$Document.KniggeExtension$} {$Document.AllYearsMonth$};nein;@@CurrentUserId;;;;;@@DateFirstDayOfYearAfter12Years;@@DateFirstDayOfYearAfter2Years;4;Keller;;;;
1046;BaM Unterlagen;;Dokument;1;Mandanten;5;Steuerakte;Steuern;24;Korrespondenz;erledigt;;3600;ja;;{$Document.KniggeName$} {$Document.KniggeExtension$} {$Document.AllYearsMonth$};nein;@@CurrentUserId;;0;;<Keine Angabe>;@@DateFirstDayOfYearAfter12Years;@@DateFirstDayOfYearAfter2Years;4;Keller;;;;
1047;BaM USt-Abrechnung;;Dokument;1;Mandanten;5;Steuerakte;Steuern;24;Korrespondenz;erledigt;;3600;ja;;{$Document.KniggeName$} {$Document.KniggeExtension$} {$Document.AllYearsMonth$};nein;@@CurrentUserId;;0;;<Keine Angabe>;@@DateFirstDayOfYearAfter12Years;@@DateFirstDayOfYearAfter2Years;4;Keller;;;;
1048;BaM:;;Dokument;1;Mandanten;5;Steuerakte;Steuern;24;Korrespondenz;erledigt;;3600;nein;;{$Document.KniggeName$} {$Document.KniggeExtension$} {$Document.AllYearsMonth$};nein;@@CurrentUserId;;0;;<Keine Angabe>;@@DateFirstDayOfYearAfter12Years;@@DateFirstDayOfYearAfter2Years;4;Keller;;;;
1049;Bankauskunftsvollmacht;;Dokument;1;Mandanten;3;Stammakte;Stamm;11;Vollmacht;;;;;;{$Document.KniggeName$} {$Document.KniggeExtension$} {$Document.AllYearsMonth$};nein;@@CurrentUserId;;0;;<Keine Angabe>;;@@DateFirstDayOfYearAfter2Years;4;Keller;;;;
1051;Beratung Aktenvermerk;;Dokument;1;Mandanten;178;Beratung;Beratung;0;<Keine Angabe>;erledigt;;;;;{$Document.KniggeName$} {$Document.KniggeExtension$} {$Document.AllYearsMonth$};nein;@@CurrentUserId;;0;;<Keine Angabe>;@@DateFirstDayOfYearAfter12Years;@@DateFirstDayOfYearAfter2Years;4;Keller;;;;
1052;Bescheid Aufhebung Vorbehalt der Nachprüfung;;Dokument;1;Mandanten;5;Steuerakte;Steuern;560;Steuerbescheide;;1990;;;ja;{$Document.KniggeName$} {$Document.KniggeExtension$} {$Document.AllYearsMonth$};nein;@@User_MV;;0;;<Keine Angabe>;@@DateFirstDayOfYearAfter12Years;@@DateFirstDayOfYearAfter2Years;4;Keller;;;;
1053;Bescheid ErbSt Ges. Feststellung Grundbesitzwert;;Dokument;1;Mandanten;5;Steuerakte;Steuern;560;Steuerbescheide;;1400;;;ja;{$Document.KniggeName$} {$Document.KniggeExtension$} {$Document.AllYearsMonth$};nein;@@User_MV;;0;;<Keine Angabe>;@@DateFirstDayOfYearAfter12Years;@@DateFirstDayOfYearAfter2Years;4;Keller;;;;
1054;Bescheid Ges. Feststellung Besteuerungsgrundlagen;;Dokument;1;Mandanten;5;Steuerakte;Steuern;560;Steuerbescheide;;1400;;;ja;{$Document.KniggeName$} {$Document.KniggeExtension$} {$Document.AllYearsMonth$};nein;@@User_MV;;0;;<Keine Angabe>;@@DateFirstDayOfYearAfter12Years;@@DateFirstDayOfYearAfter2Years;4;Keller;;;;
1055;Bescheid Ges. Feststellung nach § 34a EStG;;Dokument;1;Mandanten;5;Steuerakte;Steuern;560;Steuerbescheide;;1400;;;ja;{$Document.KniggeName$} {$Document.KniggeExtension$} {$Document.AllYearsMonth$};nein;@@User_MV;;0;;<Keine Angabe>;@@DateFirstDayOfYearAfter12Years;@@DateFirstDayOfYearAfter2Years;4;Keller;;;;
1056;Bescheid Ges. Feststellung Schenkungsteuer;;Dokument;1;Mandanten;5;Steuerakte;Steuern;560;Steuerbescheide;;1400;;;ja;{$Document.KniggeName$} {$Document.KniggeExtension$} {$Document.AllYearsMonth$};nein;@@User_MV;;0;;<Keine Angabe>;@@DateFirstDayOfYearAfter12Years;@@DateFirstDayOfYearAfter2Years;4;Keller;;;;
1057;Bescheid GrESt Ges. Feststellung Grundbesitzwert;;Dokument;1;Mandanten;5;Steuerakte;Steuern;560;Steuerbescheide;;1400;;;ja;{$Document.KniggeName$} {$Document.KniggeExtension$} {$Document.AllYearsMonth$};nein;@@User_MV;;0;;<Keine Angabe>;@@DateFirstDayOfYearAfter12Years;@@DateFirstDayOfYearAfter2Years;4;Keller;;;;
1058;Bescheid:;;Dokument;1;Mandanten;5;Steuerakte;Steuern;560;Steuerbescheide;;1400;;;ja;{$Document.KniggeName$} {$Document.KniggeExtension$} {$Document.AllYearsMonth$};nein;@@User_MV;;0;;<Keine Angabe>;@@DateFirstDayOfYearAfter12Years;@@DateFirstDayOfYearAfter2Years;4;Keller;;;;
1060;BP AP;;Dokument;1;Mandanten;5;Steuerakte;Steuern;573;Betriebsprüfung;;;;;;{$Document.KniggeName$} {$Document.KniggeExtension$} {$Document.AllYearsMonth$};nein;@@CurrentUserId;;0;;<Keine Angabe>;@@DateFirstDayOfYearAfter12Years;@@DateFirstDayOfYearAfter2Years;4;Keller;;;;
1061;BP Auswertungen;;Dokument;1;Mandanten;5;Steuerakte;Steuern;573;Betriebsprüfung;;;;;;{$Document.KniggeName$} {$Document.KniggeExtension$} {$Document.AllYearsMonth$};nein;@@CurrentUserId;;0;;<Keine Angabe>;@@DateFirstDayOfYearAfter12Years;@@DateFirstDayOfYearAfter2Years;4;Keller;;;;
1062;BP Besprechungsprotokoll;;Dokument;1;Mandanten;5;Steuerakte;Steuern;573;Betriebsprüfung;;;;;;{$Document.KniggeName$} {$Document.KniggeExtension$} {$Document.AllYearsMonth$};nein;@@CurrentUserId;;0;;<Keine Angabe>;@@DateFirstDayOfYearAfter12Years;@@DateFirstDayOfYearAfter2Years;4;Keller;;;;
1063;Bv:;;Dokument;1;Mandanten;0;<Keine Angabe>;Alle;0;<Keine Angabe>;;8000;;;ja;{$Document.KniggeName$} {$Document.KniggeExtension$} {$Document.AllYearsMonth$};nein;@@CurrentUserId;;0;;<Keine Angabe>;@@DateFirstDayOfYearAfter12Years;@@DateFirstDayOfYearAfter2Years;4;Keller;;;;
1064;BvBank:;;Dokument;1;Mandanten;3;Stammakte;Stamm;2;Korrespondenz;;8000;;;ja;{$Document.KniggeName$} {$Document.KniggeExtension$} {$Document.AllYearsMonth$};nein;@@CurrentUserId;;0;;<Keine Angabe>;@@DateFirstDayOfYearAfter12Years;@@DateFirstDayOfYearAfter2Years;4;Keller;;;;
1065;BvBehörden:;;Dokument;1;Mandanten;3;Stammakte;Stamm;2;Korrespondenz;;5800;;;ja;{$Document.KniggeName$} {$Document.KniggeExtension$} {$Document.AllYearsMonth$};nein;@@CurrentUserId;;0;;<Keine Angabe>;@@DateFirstDayOfYearAfter12Years;@@DateFirstDayOfYearAfter2Years;4;Keller;;;;
1066;BvFA Anforderung Steuererklärung;;Dokument;1;Mandanten;5;Steuerakte;Steuern;24;Korrespondenz;;5600;;;ja;{$Document.KniggeName$} {$Document.KniggeExtension$} {$Document.AllYearsMonth$};nein;@@CurrentUserId;;0;;<Keine Angabe>;@@DateFirstDayOfYearAfter12Years;@@DateFirstDayOfYearAfter2Years;4;Keller;;;;
1067;BvFA Anforderung Vollmacht;;Dokument;1;Mandanten;5;Steuerakte;Steuern;24;Korrespondenz;;5600;;;ja;{$Document.KniggeName$} {$Document.KniggeExtension$} {$Document.AllYearsMonth$};nein;@@CurrentUserId;;0;;<Keine Angabe>;@@DateFirstDayOfYearAfter12Years;@@DateFirstDayOfYearAfter2Years;4;Keller;;;;
1068;BvFA Einzelfristverlängerung Ablehnung;;Dokument;1;Mandanten;5;Steuerakte;Steuern;24;Korrespondenz;;5600;;;ja;{$Document.KniggeName$} {$Document.KniggeExtension$} {$Document.AllYearsMonth$};nein;@@CurrentUserId;;0;;<Keine Angabe>;@@DateFirstDayOfYearAfter12Years;@@DateFirstDayOfYearAfter2Years;4;Keller;;;;
1069;BvFA Erinnerung Abgabe Steueranmeldung;;Dokument;1;Mandanten;5;Steuerakte;Steuern;24;Korrespondenz;;5600;;;ja;{$Document.KniggeName$} {$Document.KniggeExtension$} {$Document.AllYearsMonth$};nein;@@User_MV;;0;;<Keine Angabe>;@@DateFirstDayOfYearAfter12Years;@@DateFirstDayOfYearAfter2Years;4;Keller;;;;
1070;BvFA Erinnerung Abgabe Steuererklärung;;Dokument;1;Mandanten;5;Steuerakte;Steuern;24;Korrespondenz;;5600;;;ja;{$Document.KniggeName$} {$Document.KniggeExtension$} {$Document.AllYearsMonth$};nein;@@User_MV;;0;;<Keine Angabe>;@@DateFirstDayOfYearAfter12Years;@@DateFirstDayOfYearAfter2Years;4;Keller;;;;
1071;BvFA Erteilung Steuernummer;;Dokument;1;Mandanten;3;Stammakte;Stamm;2;Korrespondenz;;5600;;;ja;{$Document.KniggeName$} {$Document.KniggeExtension$} {$Document.AllYearsMonth$};nein;@@CurrentUserId;;0;;<Keine Angabe>;;@@DateFirstDayOfYearAfter2Years;4;Keller;;;;
1072;BvFA Fragebogen zur steuerlichen Erfassung;;Dokument;1;Mandanten;3;Stammakte;Stamm;2;Korrespondenz;;5600;;;ja;{$Document.KniggeName$} {$Document.KniggeExtension$} {$Document.AllYearsMonth$};nein;@@CurrentUserId;;0;;<Keine Angabe>;@@DateFirstDayOfYearAfter12Years;@@DateFirstDayOfYearAfter2Years;4;Keller;;;;
1073;BvFA Mahnung;;Dokument;1;Mandanten;5;Steuerakte;Steuern;24;Korrespondenz;;5600;;;ja;{$Document.KniggeName$} {$Document.KniggeExtension$} {$Document.AllYearsMonth$};nein;@@CurrentUserId;;0;;<Keine Angabe>;@@DateFirstDayOfYearAfter12Years;@@DateFirstDayOfYearAfter2Years;4;Keller;;;;
1074;BvFA Prüfung;;Dokument;1;Mandanten;5;Steuerakte;Steuern;573;Betriebsprüfung;;5600;;;ja;{$Document.KniggeName$} {$Document.KniggeExtension$} {$Document.AllYearsMonth$};nein;@@CurrentUserId;;0;;<Keine Angabe>;@@DateFirstDayOfYearAfter12Years;@@DateFirstDayOfYearAfter2Years;4;Keller;;;;
1075;BvFA Prüfungsanordnung;;Dokument;1;Mandanten;5;Steuerakte;Steuern;573;Betriebsprüfung;;5600;;;ja;{$Document.KniggeName$} {$Document.KniggeExtension$} {$Document.AllYearsMonth$};nein;@@User_KL;;0;;<Keine Angabe>;@@DateFirstDayOfYearAfter12Years;@@DateFirstDayOfYearAfter2Years;4;Keller;;;;
1076;BvFA Rückfragen Antrag;;Dokument;1;Mandanten;5;Steuerakte;Steuern;24;Korrespondenz;;5600;;;ja;{$Document.KniggeName$} {$Document.KniggeExtension$} {$Document.AllYearsMonth$};nein;@@CurrentUserId;;0;;<Keine Angabe>;@@DateFirstDayOfYearAfter12Years;@@DateFirstDayOfYearAfter2Years;4;Keller;;;;
1077;BvFA Rückfragen Einspruch;;Dokument;1;Mandanten;5;Steuerakte;Steuern;582;Rechtsbehelfe;;5600;;;ja;{$Document.KniggeName$} {$Document.KniggeExtension$} {$Document.AllYearsMonth$};nein;@@CurrentUserId;;0;;<Keine Angabe>;@@DateFirstDayOfYearAfter12Years;@@DateFirstDayOfYearAfter2Years;4;Keller;;;;
1078;BvFA Rückfragen Steuererklärung;;Dokument;1;Mandanten;5;Steuerakte;Steuern;24;Korrespondenz;;5600;;;ja;{$Document.KniggeName$} {$Document.KniggeExtension$} {$Document.AllYearsMonth$};nein;@@CurrentUserId;;0;;<Keine Angabe>;@@DateFirstDayOfYearAfter12Years;@@DateFirstDayOfYearAfter2Years;4;Keller;;;;
1079;BvFA Umbuchungsmitteilung;;Dokument;1;Mandanten;8;Finanzbuchhaltung;FIBU;576;Arbeitspapiere FiBu;;5600;;;ja;{$Document.KniggeName$} {$Document.KniggeExtension$} {$Document.AllYearsMonth$};nein;@@CurrentUserId;;;;;@@DateFirstDayOfYearAfter12Years;@@DateFirstDayOfYearAfter2Years;4;Keller;;;;
1080;BvFA:;;Dokument;1;Mandanten;5;Steuerakte;Steuern;24;Korrespondenz;;5600;;;ja;{$Document.KniggeName$} {$Document.KniggeExtension$} {$Document.AllYearsMonth$};nein;@@CurrentUserId;;0;;<Keine Angabe>;@@DateFirstDayOfYearAfter12Years;@@DateFirstDayOfYearAfter2Years;4;Keller;;;;
1081;BvM Antwort auf Fibu-Rückfragen;;Dokument;1;Mandanten;5;Steuerakte;Steuern;24;Korrespondenz;;;;;;{$Document.KniggeName$} {$Document.KniggeExtension$} {$Document.AllYearsMonth$};nein;@@CurrentUserId;;;;;@@DateFirstDayOfYearAfter12Years;@@DateFirstDayOfYearAfter2Years;4;Keller;;;;
1082;BvM Bescheid;;Dokument;1;Mandanten;5;Steuerakte;Steuern;560;Steuerbescheide;;;;;ja;{$Document.KniggeName$} {$Document.KniggeExtension$} {$Document.AllYearsMonth$};nein;@@CurrentUserId;;0;;<Keine Angabe>;@@DateFirstDayOfYearAfter12Years;@@DateFirstDayOfYearAfter2Years;4;Keller;;;;
1083;BvM FiBu-Unterlagen;;Dokument;1;Mandanten;8;Finanzbuchhaltung;FIBU;581;Korrespondenz;;;;;;{$Document.KniggeName$} {$Document.KniggeExtension$} {$Document.AllYearsMonth$};nein;@@CurrentUserId;;0;;<Keine Angabe>;@@DateFirstDayOfYearAfter12Years;@@DateFirstDayOfYearAfter2Years;4;Keller;;;;
1084;BvM JA-Unterlagen;;Dokument;1;Mandanten;4;Jahresabschluss /Bilanz;JA / Bil;13;Korrespondenz;;;;;;{$Document.KniggeName$} {$Document.KniggeExtension$} {$Document.AllYearsMonth$};nein;@@CurrentUserId;;0;;<Keine Angabe>;@@DateFirstDayOfYearAfter12Years;@@DateFirstDayOfYearAfter2Years;4;Keller;;;;
1086;BvM Lohn-Mitteilung;;Dokument;1;Mandanten;9;Lohn;LOHN;62;Korrespondenz;;;;;;{$Document.KniggeName$} {$Document.KniggeExtension$} {$Document.AllYearsMonth$};nein;@@CurrentUserId;;0;;<Keine Angabe>;@@DateFirstDayOfYearAfter12Years;@@DateFirstDayOfYearAfter2Years;4;Keller;;;;
1088;BvM Lohn-Unterlagen;;Dokument;1;Mandanten;9;Lohn;LOHN;62;Korrespondenz;;;;;;{$Document.KniggeName$} {$Document.KniggeExtension$} {$Document.AllYearsMonth$};nein;@@CurrentUserId;;0;;<Keine Angabe>;@@DateFirstDayOfYearAfter12Years;@@DateFirstDayOfYearAfter2Years;4;Keller;;;;
1089;BvM Mandatsbeendigung;;Dokument;1;Mandanten;3;Stammakte;Stamm;9;Auftragsunterlagen;;;;;;{$Document.KniggeName$} {$Document.KniggeExtension$} {$Document.AllYearsMonth$};nein;@@CurrentUserId;;0;;<Keine Angabe>;@@DateFirstDayOfYearAfter12Years;@@DateFirstDayOfYearAfter2Years;4;Keller;;;;
1090;BvM Neumandant/Angebot;;Dokument;1;Mandanten;3;Stammakte;Stamm;9;Auftragsunterlagen;;;;;;{$Document.KniggeName$} {$Document.KniggeExtension$} {$Document.AllYearsMonth$};nein;@@CurrentUserId;;0;;<Keine Angabe>;@@DateFirstDayOfYearAfter12Years;@@DateFirstDayOfYearAfter2Years;4;Keller;;;;
1091;BvM Prüfung;;Dokument;1;Mandanten;5;Steuerakte;Steuern;573;Betriebsprüfung;;;;;;{$Document.KniggeName$} {$Document.KniggeExtension$} {$Document.AllYearsMonth$};nein;@@CurrentUserId;;0;;<Keine Angabe>;@@DateFirstDayOfYearAfter12Years;@@DateFirstDayOfYearAfter2Years;4;Keller;;;;
1092;BvM Steuerunterlagen;;Dokument;1;Mandanten;5;Steuerakte;Steuern;24;Korrespondenz;;;;;;{$Document.KniggeName$} {$Document.KniggeExtension$} {$Document.AllYearsMonth$};nein;@@CurrentUserId;;0;;<Keine Angabe>;@@DateFirstDayOfYearAfter12Years;@@DateFirstDayOfYearAfter2Years;4;Keller;;;;
1093;BvM:;;Dokument;1;Mandanten;3;Stammakte;Stamm;2;Korrespondenz;offen;;;;;{$Document.KniggeName$} {$Document.KniggeExtension$} {$Document.AllYearsMonth$};nein;@@CurrentUserId;;0;;<Keine Angabe>;@@DateFirstDayOfYearAfter12Years;@@DateFirstDayOfYearAfter2Years;4;Keller;;;;
1094;Darlehensvertrag;;Dokument;1;Mandanten;3;Stammakte;Stamm;5;Verträge;erledigt;;;;;{$Document.KniggeName$} {$Document.KniggeExtension$} {$Document.AllYearsMonth$};nein;@@CurrentUserId;;0;;<Keine Angabe>;@@DateFirstDayOfYearAfter12Years;@@DateFirstDayOfYearAfter2Years;4;Keller;;;;
1095;DRV-Brief Prüfung;;Dokument;1;Mandanten;9;Lohn;LOHN;72;Außenprüfung;;8000;;;;{$Document.KniggeName$} {$Document.KniggeExtension$} {$Document.AllYearsMonth$};nein;@@User_Lohn;;0;;<Keine Angabe>;@@DateFirstDayOfYearAfter12Years;@@DateFirstDayOfYearAfter2Years;4;Keller;;;;
1096;DRV-Brief Prüfungsanordnung;;Dokument;1;Mandanten;9;Lohn;LOHN;72;Außenprüfung;;8000;;;;{$Document.KniggeName$} {$Document.KniggeExtension$} {$Document.AllYearsMonth$};nein;@@User_Lohn;;0;;<Keine Angabe>;@@DateFirstDayOfYearAfter12Years;@@DateFirstDayOfYearAfter2Years;4;Keller;;;;
1097;DRV-Prüfung Besprechungsprotokoll;;Dokument;1;Mandanten;9;Lohn;LOHN;72;Außenprüfung;;;;;;{$Document.KniggeName$} {$Document.KniggeExtension$} {$Document.AllYearsMonth$};nein;@@User_Lohn;;0;;<Keine Angabe>;@@DateFirstDayOfYearAfter12Years;@@DateFirstDayOfYearAfter2Years;4;Keller;;;;
1098;DRV-Prüfungsbericht;;Dokument;1;Mandanten;9;Lohn;LOHN;72;Außenprüfung;;;;;;{$Document.KniggeName$} {$Document.KniggeExtension$} {$Document.AllYearsMonth$};nein;@@User_Lohn;;0;;<Keine Angabe>;@@DateFirstDayOfYearAfter12Years;@@DateFirstDayOfYearAfter2Years;4;Keller;;;;
1099;ELSTER-Bescheiddaten;;Dokument;1;Mandanten;5;Steuerakte;Steuern;560;Steuerbescheide;;;;;ja;{$Document.KniggeName$} {$Document.KniggeExtension$} {$Document.AllYearsMonth$};nein;@@CurrentUserId;;0;;<Keine Angabe>;@@DateFirstDayOfYearAfter12Years;@@DateFirstDayOfYearAfter2Years;4;Keller;;;;
1100;ErbSt-Belege;;Dokument;1;Mandanten;5;Steuerakte;Steuern;560;Steuerbescheide;;;;;ja;{$Document.KniggeName$} {$Document.KniggeExtension$} {$Document.AllYearsMonth$};nein;@@CurrentUserId;;0;;<Keine Angabe>;@@DateFirstDayOfYearAfter12Years;@@DateFirstDayOfYearAfter2Years;4;Keller;;;;
1101;ErbSt-Bescheid;;Dokument;1;Mandanten;5;Steuerakte;Steuern;560;Steuerbescheide;;1416;;;ja;{$Document.KniggeName$} {$Document.KniggeExtension$} {$Document.AllYearsMonth$};nein;@@User_MV;;0;;<Keine Angabe>;@@DateFirstDayOfYearAfter12Years;@@DateFirstDayOfYearAfter2Years;4;Keller;;;;
1102;ErbSt-Erklärung;;Dokument;1;Mandanten;5;Steuerakte;Steuern;559;Steuererklärungen;erledigt;;;;ja;{$Document.KniggeName$} {$Document.KniggeExtension$} {$Document.AllYearsMonth$};nein;@@CurrentUserId;;0;;<Keine Angabe>;@@DateFirstDayOfYearAfter12Years;@@DateFirstDayOfYearAfter2Years;4;Keller;;;;
1103;ESt AP;;Dokument;1;Mandanten;5;Steuerakte;Steuern;558;Arbeitspapiere zu Steuererklärungen;;;;;nein;{$Document.KniggeName$} {$Document.KniggeExtension$} {$Document.AllYearsMonth$};nein;@@CurrentUserId;;0;;<Keine Angabe>;@@DateFirstDayOfYearAfter12Years;@@DateFirstDayOfYearAfter2Years;4;Keller;;;;
1104;ESt-Belege;;Dokument;1;Mandanten;5;Steuerakte;Steuern;584;ESt-Belege;;;;;ja;{$Document.KniggeName$} {$Document.KniggeExtension$} {$Document.AllYearsMonth$};nein;@@User_MV;;;;;@@DateFirstDayOfYearAfter12Years;@@DateFirstDayOfYearAfter2Years;4;Keller;;;;
1105;ESt-Bescheid;;Dokument;1;Mandanten;5;Steuerakte;Steuern;560;Steuerbescheide;;1401;;;ja;{$Document.KniggeName$} {$Document.KniggeExtension$} {$Document.AllYearsMonth$};nein;@@User_MV;;0;;<Keine Angabe>;@@DateFirstDayOfYearAfter12Years;@@DateFirstDayOfYearAfter2Years;4;Keller;;;;
1106;ESt-Erklärung;;Dokument;1;Mandanten;5;Steuerakte;Steuern;559;Steuererklärungen;erledigt;;;;;{$Document.KniggeName$} {$Document.KniggeExtension$} {$Document.AllYearsMonth$};nein;@@CurrentUserId;;;;;@@DateFirstDayOfYearAfter12Years;@@DateFirstDayOfYearAfter2Years;4;Keller;;;;
1108;ESt-Verlustabzug-Bescheid;;Dokument;1;Mandanten;5;Steuerakte;Steuern;560;Steuerbescheide;;1951;;;ja;{$Document.KniggeName$} {$Document.KniggeExtension$} {$Document.AllYearsMonth$};nein;@@User_MV;;0;;<Keine Angabe>;@@DateFirstDayOfYearAfter12Years;@@DateFirstDayOfYearAfter2Years;4;Keller;;;;
1109;ESt-Verlustvortrag-Bescheid;;Dokument;1;Mandanten;5;Steuerakte;Steuern;560;Steuerbescheide;;1400;;;ja;{$Document.KniggeName$} {$Document.KniggeExtension$} {$Document.AllYearsMonth$};nein;@@User_MV;;0;;<Keine Angabe>;@@DateFirstDayOfYearAfter12Years;@@DateFirstDayOfYearAfter2Years;4;Keller;;;;
1110;ESt-VZ-Bescheid;;Dokument;1;Mandanten;5;Steuerakte;Steuern;560;Steuerbescheide;;1501;;;ja;{$Document.KniggeName$} {$Document.KniggeExtension$} {$Document.AllYearsMonth$};nein;@@User_MV;;0;;<Keine Angabe>;@@DateFirstDayOfYearAfter12Years;@@DateFirstDayOfYearAfter2Years;4;Keller;;;;
1111;Fibu Aktenvermerk;;Dokument;1;Mandanten;8;Finanzbuchhaltung;FIBU;576;Arbeitspapiere FiBu;;;;;;{$Document.KniggeName$} {$Document.KniggeExtension$} {$Document.AllYearsMonth$};nein;@@CurrentUserId;;0;;<Keine Angabe>;@@DateFirstDayOfYearAfter12Years;@@DateFirstDayOfYearAfter2Years;4;Keller;;;;
1112;FiBu Auswertungen;;Dokument;1;Mandanten;8;Finanzbuchhaltung;FIBU;576;Arbeitspapiere FiBu;;3300;;;;{$Document.KniggeName$} {$Document.KniggeExtension$} {$Document.AllYearsMonth$};nein;@@CurrentUserId;;0;;<Keine Angabe>;@@DateFirstDayOfYearAfter12Years;@@DateFirstDayOfYearAfter2Years;4;Keller;;;;
1113;FiBu Belege/Unterlagen;;Dokument;1;Mandanten;8;Finanzbuchhaltung;FIBU;576;Arbeitspapiere FiBu;;3300;;;;{$Document.KniggeName$} {$Document.KniggeExtension$} {$Document.AllYearsMonth$};nein;@@CurrentUserId;;0;;<Keine Angabe>;@@DateFirstDayOfYearAfter12Years;@@DateFirstDayOfYearAfter2Years;4;Keller;;;;
1114;FiBu Buchungsmitteilung;;Dokument;1;Mandanten;8;Finanzbuchhaltung;FIBU;576;Arbeitspapiere FiBu;;;;;;{$Document.KniggeName$} {$Document.KniggeExtension$} {$Document.AllYearsMonth$};nein;@@CurrentUserId;;0;;<Keine Angabe>;@@DateFirstDayOfYearAfter12Years;@@DateFirstDayOfYearAfter2Years;4;Keller;;;;
1115;FiBu BWA;;Dokument;1;Mandanten;8;Finanzbuchhaltung;FIBU;576;Arbeitspapiere FiBu;;;;;;{$Document.KniggeName$} {$Document.KniggeExtension$} {$Document.AllYearsMonth$};nein;@@CurrentUserId;;0;;<Keine Angabe>;@@DateFirstDayOfYearAfter12Years;@@DateFirstDayOfYearAfter2Years;4;Keller;;;;
1117;FiBu Controllingreport;;Dokument;1;Mandanten;8;Finanzbuchhaltung;FIBU;576;Arbeitspapiere FiBu;;;;;;{$Document.KniggeName$} {$Document.KniggeExtension$} {$Document.AllYearsMonth$};nein;@@CurrentUserId;;0;;<Keine Angabe>;@@DateFirstDayOfYearAfter12Years;@@DateFirstDayOfYearAfter2Years;4;Keller;;;;
1122;FiBu OPOS-Liste;;Dokument;1;Mandanten;8;Finanzbuchhaltung;FIBU;576;Arbeitspapiere FiBu;;;;;;{$Document.KniggeName$} {$Document.KniggeExtension$} {$Document.AllYearsMonth$};nein;@@CurrentUserId;;0;;<Keine Angabe>;@@DateFirstDayOfYearAfter12Years;@@DateFirstDayOfYearAfter2Years;4;Keller;;;;
1123;FiBu Quittung Unterlagenübergabe;;Dokument;1;Mandanten;8;Finanzbuchhaltung;FIBU;576;Arbeitspapiere FiBu;;;;;;{$Document.KniggeName$} {$Document.KniggeExtension$} {$Document.AllYearsMonth$};nein;@@CurrentUserId;;0;;<Keine Angabe>;@@DateFirstDayOfYearAfter12Years;@@DateFirstDayOfYearAfter2Years;4;Keller;;;;
1124;Gemeinde:;;Dokument;1;Mandanten;0;<Keine Angabe>;Alle;0;<Keine Angabe>;;;;;;{$Document.KniggeName$} {$Document.KniggeExtension$} {$Document.AllYearsMonth$};nein;@@CurrentUserId;;0;;<Keine Angabe>;@@DateFirstDayOfYearAfter12Years;@@DateFirstDayOfYearAfter2Years;4;Keller;;;;
1125;Geschäftsführer-Vertrag;;Dokument;1;Mandanten;3;Stammakte;Stamm;575;Dauerakte;erledigt;;;;;{$Document.KniggeName$} {$Document.KniggeExtension$} {$Document.AllYearsMonth$};nein;@@CurrentUserId;;0;;<Keine Angabe>;;@@DateFirstDayOfYearAfter2Years;4;Keller;;;;
1126;Gesellschafterversammlung-Beschluss;;Dokument;1;Mandanten;3;Stammakte;Stamm;575;Dauerakte;;8000;;;;{$Document.KniggeName$} {$Document.KniggeExtension$} {$Document.AllYearsMonth$};nein;@@CurrentUserId;;0;;<Keine Angabe>;@@DateFirstDayOfYearAfter12Years;@@DateFirstDayOfYearAfter2Years;4;Keller;;;;
1128;Gesellschafterversammlung-Protokoll;;Dokument;1;Mandanten;3;Stammakte;Stamm;575;Dauerakte;;8000;;;;{$Document.KniggeName$} {$Document.KniggeExtension$} {$Document.AllYearsMonth$};nein;@@CurrentUserId;;0;;<Keine Angabe>;@@DateFirstDayOfYearAfter12Years;@@DateFirstDayOfYearAfter2Years;4;Keller;;;;
1129;Gesellschaftsvertrag;;Dokument;1;Mandanten;3;Stammakte;Stamm;575;Dauerakte;erledigt;;;;;{$Document.KniggeName$} {$Document.KniggeExtension$} {$Document.AllYearsMonth$};nein;@@CurrentUserId;;0;;<Keine Angabe>;;@@DateFirstDayOfYearAfter2Years;4;Keller;;;;
1131;Gewerbeanmeldung;;Dokument;1;Mandanten;3;Stammakte;Stamm;575;Dauerakte;;3600;;;;{$Document.KniggeName$} {$Document.KniggeExtension$} {$Document.AllYearsMonth$};nein;@@CurrentUserId;;0;;<Keine Angabe>;;@@DateFirstDayOfYearAfter2Years;4;Keller;;;;
1133;Gewinnfeststellungs-Bescheid;;Dokument;1;Mandanten;5;Steuerakte;Steuern;560;Steuerbescheide;;1430;;;ja;{$Document.KniggeName$} {$Document.KniggeExtension$} {$Document.AllYearsMonth$};nein;@@User_MV;;;;;@@DateFirstDayOfYearAfter12Years;@@DateFirstDayOfYearAfter2Years;4;Keller;;;;
1134;GewSt AP;;Dokument;1;Mandanten;5;Steuerakte;Steuern;573;Betriebsprüfung;;;;;;{$Document.KniggeName$} {$Document.KniggeExtension$} {$Document.AllYearsMonth$};nein;@@CurrentUserId;;0;;<Keine Angabe>;@@DateFirstDayOfYearAfter12Years;@@DateFirstDayOfYearAfter2Years;4;Keller;;;;
1135;GewSt-Belege;;Dokument;1;Mandanten;5;Steuerakte;Steuern;558;Arbeitspapiere zu Steuererklärungen;;;;;;{$Document.KniggeName$} {$Document.KniggeExtension$} {$Document.AllYearsMonth$};nein;@@CurrentUserId;;0;;<Keine Angabe>;@@DateFirstDayOfYearAfter12Years;@@DateFirstDayOfYearAfter2Years;4;Keller;;;;
1136;GewSt-Bescheid;;Dokument;1;Mandanten;5;Steuerakte;Steuern;560;Steuerbescheide;;1405;;;ja;{$Document.KniggeName$} {$Document.KniggeExtension$} {$Document.AllYearsMonth$};nein;@@User_MV;;;;;@@DateFirstDayOfYearAfter12Years;@@DateFirstDayOfYearAfter2Years;4;Keller;;;;
1137;GewSt-Erklärung;;Dokument;1;Mandanten;5;Steuerakte;Steuern;559;Steuererklärungen;erledigt;;;;ja;{$Document.KniggeName$} {$Document.KniggeExtension$} {$Document.AllYearsMonth$};nein;@@CurrentUserId;;0;;<Keine Angabe>;@@DateFirstDayOfYearAfter12Years;@@DateFirstDayOfYearAfter2Years;4;Keller;;;;
1138;GewSt-Mess-Bescheid;;Dokument;1;Mandanten;5;Steuerakte;Steuern;560;Steuerbescheide;offen;1605;;;ja;{$Document.KniggeName$} {$Document.KniggeExtension$} {$Document.AllYearsMonth$};nein;@@User_MV;;0;;<Keine Angabe>;@@DateFirstDayOfYearAfter12Years;@@DateFirstDayOfYearAfter2Years;4;Keller;;;;
1139;GewSt-Mess-VZ-Bescheid;;Dokument;1;Mandanten;5;Steuerakte;Steuern;560;Steuerbescheide;;1400;;;ja;{$Document.KniggeName$} {$Document.KniggeExtension$} {$Document.AllYearsMonth$};nein;@@User_MV;;0;;<Keine Angabe>;@@DateFirstDayOfYearAfter12Years;@@DateFirstDayOfYearAfter2Years;4;Keller;;;;
1140;GewSt-Verlustvortrag-Bescheid;;Dokument;1;Mandanten;5;Steuerakte;Steuern;560;Steuerbescheide;;1955;;;ja;{$Document.KniggeName$} {$Document.KniggeExtension$} {$Document.AllYearsMonth$};nein;@@User_MV;;0;;<Keine Angabe>;@@DateFirstDayOfYearAfter12Years;@@DateFirstDayOfYearAfter2Years;4;Keller;;;;
1141;GewSt-VZ-Bescheid;;Dokument;1;Mandanten;5;Steuerakte;Steuern;560;Steuerbescheide;;1505;;;ja;{$Document.KniggeName$} {$Document.KniggeExtension$} {$Document.AllYearsMonth$};nein;@@User_MV;;;;;@@DateFirstDayOfYearAfter12Years;@@DateFirstDayOfYearAfter2Years;4;Keller;;;;
1142;GewSt-Zerlegungs-Mess-Bescheid;;Dokument;1;Mandanten;5;Steuerakte;Steuern;560;Steuerbescheide;;1400;;;ja;{$Document.KniggeName$} {$Document.KniggeExtension$} {$Document.AllYearsMonth$};nein;@@User_MV;;0;;<Keine Angabe>;@@DateFirstDayOfYearAfter12Years;@@DateFirstDayOfYearAfter2Years;4;Keller;;;;
1143;GewSt-Zerlegungs-Mess-VZ-Bescheid;;Dokument;1;Mandanten;5;Steuerakte;Steuern;560;Steuerbescheide;;1400;;;ja;{$Document.KniggeName$} {$Document.KniggeExtension$} {$Document.AllYearsMonth$};nein;@@User_MV;;0;;<Keine Angabe>;@@DateFirstDayOfYearAfter12Years;@@DateFirstDayOfYearAfter2Years;4;Keller;;;;
1144;GrESt-Bescheid;;Dokument;1;Mandanten;5;Steuerakte;Steuern;560;Steuerbescheide;;1462;;;ja;{$Document.KniggeName$} {$Document.KniggeExtension$} {$Document.AllYearsMonth$};nein;@@User_MV;;0;;<Keine Angabe>;@@DateFirstDayOfYearAfter12Years;@@DateFirstDayOfYearAfter2Years;4;Keller;;;;
1145;GrESt-Erklärung;;Dokument;1;Mandanten;5;Steuerakte;Steuern;559;Steuererklärungen;erledigt;;;;ja;{$Document.KniggeName$} {$Document.KniggeExtension$} {$Document.AllYearsMonth$};nein;@@CurrentUserId;;0;;<Keine Angabe>;@@DateFirstDayOfYearAfter12Years;@@DateFirstDayOfYearAfter2Years;4;Keller;;;;
1146;GrSt-Erklärung;;Dokument;1;Mandanten;5;Steuerakte;Steuern;559;Steuererklärungen;erledigt;;;;ja;{$Document.KniggeName$} {$Document.KniggeExtension$} {$Document.AllYearsMonth$};nein;@@CurrentUserId;;0;;<Keine Angabe>;@@DateFirstDayOfYearAfter12Years;@@DateFirstDayOfYearAfter2Years;4;Keller;;;;
1149;GuE-Bescheid;;Dokument;1;Mandanten;5;Steuerakte;Steuern;560;Steuerbescheide;;1430;;;ja;{$Document.KniggeName$} {$Document.KniggeExtension$} {$Document.AllYearsMonth$};nein;@@User_MV;;;;;@@DateFirstDayOfYearAfter12Years;@@DateFirstDayOfYearAfter2Years;4;Keller;;;;
1150;GuE-Erklärung;;Dokument;1;Mandanten;5;Steuerakte;Steuern;559;Steuererklärungen;erledigt;;;;ja;{$Document.KniggeName$} {$Document.KniggeExtension$} {$Document.AllYearsMonth$};nein;@@CurrentUserId;;0;;<Keine Angabe>;@@DateFirstDayOfYearAfter12Years;@@DateFirstDayOfYearAfter2Years;4;Keller;;;;
1151;Gutachten;;Dokument;1;Mandanten;5;Steuerakte;Steuern;558;Arbeitspapiere zu Steuererklärungen;;;;;ja;{$Document.KniggeName$} {$Document.KniggeExtension$} {$Document.AllYearsMonth$};nein;@@CurrentUserId;;0;;<Keine Angabe>;@@DateFirstDayOfYearAfter12Years;@@DateFirstDayOfYearAfter2Years;4;Keller;;;;
1152;Handelsregisterauszug;;Dokument;1;Mandanten;3;Stammakte;Stamm;575;Dauerakte;erledigt;;;;;{$Document.KniggeName$} {$Document.KniggeExtension$} {$Document.AllYearsMonth$};nein;@@CurrentUserId;;0;;<Keine Angabe>;@@DateFirstDayOfYearAfter12Years;@@DateFirstDayOfYearAfter2Years;4;Keller;;;;
1153;JA Aktenvermerk;;Dokument;1;Mandanten;4;Jahresabschluss /Bilanz;JA / Bil;562;Arbeitspapiere zum Jahresabschluss;;;;;;{$Document.KniggeName$} {$Document.KniggeExtension$} {$Document.AllYearsMonth$};nein;@@CurrentUserId;;0;;<Keine Angabe>;@@DateFirstDayOfYearAfter12Years;@@DateFirstDayOfYearAfter2Years;4;Keller;;;;
1154;JA Arbeitspapier;;Dokument;1;Mandanten;4;Jahresabschluss /Bilanz;JA / Bil;562;Arbeitspapiere zum Jahresabschluss;;;;;;{$Document.KniggeName$} {$Document.KniggeExtension$} {$Document.AllYearsMonth$};nein;@@CurrentUserId;;0;;<Keine Angabe>;@@DateFirstDayOfYearAfter12Years;@@DateFirstDayOfYearAfter2Years;4;Keller;;;;
1155;JA Belege/Unterlagen;;Dokument;1;Mandanten;4;Jahresabschluss /Bilanz;JA / Bil;562;Arbeitspapiere zum Jahresabschluss;;3500;;;;{$Document.KniggeName$} {$Document.KniggeExtension$} {$Document.AllYearsMonth$};nein;@@CurrentUserId;;0;;<Keine Angabe>;@@DateFirstDayOfYearAfter12Years;@@DateFirstDayOfYearAfter2Years;4;Keller;;;;
1156;JA Besprechungsprotokoll;;Dokument;1;Mandanten;4;Jahresabschluss /Bilanz;JA / Bil;562;Arbeitspapiere zum Jahresabschluss;;;;;;{$Document.KniggeName$} {$Document.KniggeExtension$} {$Document.AllYearsMonth$};nein;@@CurrentUserId;;0;;<Keine Angabe>;@@DateFirstDayOfYearAfter12Years;@@DateFirstDayOfYearAfter2Years;4;Keller;;;;
1157;JA Bilanzbericht;;Dokument;1;Mandanten;4;Jahresabschluss /Bilanz;JA / Bil;16;Erstellungsberichte / Präsentationen;;;;;;{$Document.KniggeName$} {$Document.KniggeExtension$} {$Document.AllYearsMonth$};nein;@@CurrentUserId;;0;;<Keine Angabe>;@@DateFirstDayOfYearAfter12Years;@@DateFirstDayOfYearAfter2Years;4;Keller;;;;
1162;JA EÜ-Rechnung;;Dokument;1;Mandanten;4;Jahresabschluss /Bilanz;JA / Bil;562;Arbeitspapiere zum Jahresabschluss;;;;;;{$Document.KniggeName$} {$Document.KniggeExtension$} {$Document.AllYearsMonth$};nein;@@CurrentUserId;;0;;<Keine Angabe>;@@DateFirstDayOfYearAfter12Years;@@DateFirstDayOfYearAfter2Years;4;Keller;;;;
1163;JA Offenlegung;;Dokument;1;Mandanten;4;Jahresabschluss /Bilanz;JA / Bil;562;Arbeitspapiere zum Jahresabschluss;;;;;;{$Document.KniggeName$} {$Document.KniggeExtension$} {$Document.AllYearsMonth$};nein;@@CurrentUserId;;0;;<Keine Angabe>;@@DateFirstDayOfYearAfter12Years;@@DateFirstDayOfYearAfter2Years;4;Keller;;;;
1164;JA Prüfungsbericht WP;;Dokument;1;Mandanten;4;Jahresabschluss /Bilanz;JA / Bil;562;Arbeitspapiere zum Jahresabschluss;;3500;;;;{$Document.KniggeName$} {$Document.KniggeExtension$} {$Document.AllYearsMonth$};nein;@@CurrentUserId;;0;;<Keine Angabe>;@@DateFirstDayOfYearAfter12Years;@@DateFirstDayOfYearAfter2Years;4;Keller;;;;
1165;Jahresabschluss;;Dokument;1;Mandanten;4;Jahresabschluss /Bilanz;JA / Bil;564;VE / Unterschriebene Abschlüsse;erledigt;;;;;{$Document.KniggeName$} {$Document.KniggeExtension$} {$Document.AllYearsMonth$};nein;;;;;;@@DateFirstDayOfYearAfter12Years;@@DateFirstDayOfYearAfter2Years;4;Keller;;;;
1166;Kaufvertrag;;Dokument;1;Mandanten;3;Stammakte;Stamm;5;Verträge;erledigt;;;;;{$Document.KniggeName$} {$Document.KniggeExtension$} {$Document.AllYearsMonth$};nein;@@CurrentUserId;;0;;<Keine Angabe>;;@@DateFirstDayOfYearAfter2Years;4;Keller;;;;
1167;KESt-Erklärung;;Dokument;1;Mandanten;5;Steuerakte;Steuern;559;Steuererklärungen;erledigt;;;;ja;{$Document.KniggeName$} {$Document.KniggeExtension$} {$Document.AllYearsMonth$};nein;@@CurrentUserId;;0;;<Keine Angabe>;@@DateFirstDayOfYearAfter12Years;@@DateFirstDayOfYearAfter2Years;4;Keller;;;;
1168;KiSt-Bescheid;;Dokument;1;Mandanten;5;Steuerakte;Steuern;560;Steuerbescheide;;1420;;;ja;{$Document.KniggeName$} {$Document.KniggeExtension$} {$Document.AllYearsMonth$};nein;@@User_MV;;0;;<Keine Angabe>;@@DateFirstDayOfYearAfter12Years;@@DateFirstDayOfYearAfter2Years;4;Keller;;;;
1169;KiSt-VZ-Bescheid;;Dokument;1;Mandanten;5;Steuerakte;Steuern;560;Steuerbescheide;;1520;;;ja;{$Document.KniggeName$} {$Document.KniggeExtension$} {$Document.AllYearsMonth$};nein;@@User_MV;;0;;<Keine Angabe>;@@DateFirstDayOfYearAfter12Years;@@DateFirstDayOfYearAfter2Years;4;Keller;;;;
1170;KSt AP;;Dokument;1;Mandanten;5;Steuerakte;Steuern;558;Arbeitspapiere zu Steuererklärungen;;;;;;{$Document.KniggeName$} {$Document.KniggeExtension$} {$Document.AllYearsMonth$};nein;@@CurrentUserId;;0;;<Keine Angabe>;@@DateFirstDayOfYearAfter12Years;@@DateFirstDayOfYearAfter2Years;4;Keller;;;;
1171;KSt-Belege;;Dokument;1;Mandanten;5;Steuerakte;Steuern;558;Arbeitspapiere zu Steuererklärungen;;;;;;{$Document.KniggeName$} {$Document.KniggeExtension$} {$Document.AllYearsMonth$};nein;@@CurrentUserId;;0;;<Keine Angabe>;@@DateFirstDayOfYearAfter12Years;@@DateFirstDayOfYearAfter2Years;4;Keller;;;;
1172;KSt-Bescheid;;Dokument;1;Mandanten;5;Steuerakte;Steuern;560;Steuerbescheide;;1403;;;ja;{$Document.KniggeName$} {$Document.KniggeExtension$} {$Document.AllYearsMonth$};nein;@@User_MV;;;;;@@DateFirstDayOfYearAfter12Years;@@DateFirstDayOfYearAfter2Years;4;Keller;;;;
1173;KSt-Erklärung;;Dokument;1;Mandanten;5;Steuerakte;Steuern;559;Steuererklärungen;erledigt;;;;ja;{$Document.KniggeName$} {$Document.KniggeExtension$} {$Document.AllYearsMonth$};nein;@@CurrentUserId;;0;;<Keine Angabe>;@@DateFirstDayOfYearAfter12Years;@@DateFirstDayOfYearAfter2Years;4;Keller;;;;
1174;KSt-Verlustabzug-Bescheid;;Dokument;1;Mandanten;5;Steuerakte;Steuern;560;Steuerbescheide;;1400;;;ja;{$Document.KniggeName$} {$Document.KniggeExtension$} {$Document.AllYearsMonth$};nein;@@User_MV;;;;;@@DateFirstDayOfYearAfter12Years;@@DateFirstDayOfYearAfter2Years;4;Keller;;;;
1175;KSt-Verlustvortrag-Bescheid;;Dokument;1;Mandanten;5;Steuerakte;Steuern;560;Steuerbescheide;;1952;;;ja;{$Document.KniggeName$} {$Document.KniggeExtension$} {$Document.AllYearsMonth$};nein;@@User_MV;;;;;@@DateFirstDayOfYearAfter12Years;@@DateFirstDayOfYearAfter2Years;4;Keller;;;;
1176;KSt-VZ-Bescheid;;Dokument;1;Mandanten;5;Steuerakte;Steuern;560;Steuerbescheide;;1503;;;ja;{$Document.KniggeName$} {$Document.KniggeExtension$} {$Document.AllYearsMonth$};nein;@@User_MV;;;;;@@DateFirstDayOfYearAfter12Years;@@DateFirstDayOfYearAfter2Years;4;Keller;;;;
1181;Leasingvertrag;;Dokument;1;Mandanten;3;Stammakte;Stamm;5;Verträge;erledigt;;;;;{$Document.KniggeName$} {$Document.KniggeExtension$} {$Document.AllYearsMonth$};nein;@@CurrentUserId;;0;;<Keine Angabe>;;@@DateFirstDayOfYearAfter2Years;4;Keller;;;;
1182;Lohn Abrechnungsdaten;;Dokument;1;Mandanten;9;Lohn;LOHN;574;Arbeitspapiere Lohn;;3400;;;;{$Document.KniggeName$} {$Document.KniggeExtension$} {$Document.AllYearsMonth$};nein;@@CurrentUserId;;0;;<Keine Angabe>;@@DateFirstDayOfYearAfter12Years;@@DateFirstDayOfYearAfter2Years;4;Keller;;;;
1183;Lohn AG-Fragebogen KK;;Dokument;1;Mandanten;9;Lohn;LOHN;574;Arbeitspapiere Lohn;;;;;;{$Document.KniggeName$} {$Document.KniggeExtension$} {$Document.AllYearsMonth$};nein;@@CurrentUserId;;0;;<Keine Angabe>;@@DateFirstDayOfYearAfter12Years;@@DateFirstDayOfYearAfter2Years;4;Keller;;;;
1184;Lohn AG-Umlagefragebogen KK;;Dokument;1;Mandanten;9;Lohn;LOHN;574;Arbeitspapiere Lohn;;;;;;{$Document.KniggeName$} {$Document.KniggeExtension$} {$Document.AllYearsMonth$};nein;@@CurrentUserId;;0;;<Keine Angabe>;@@DateFirstDayOfYearAfter12Years;@@DateFirstDayOfYearAfter2Years;4;Keller;;;;
1185;Lohn Aktenvermerk;;Dokument;1;Mandanten;9;Lohn;LOHN;574;Arbeitspapiere Lohn;;;;;;{$Document.KniggeName$} {$Document.KniggeExtension$} {$Document.AllYearsMonth$};nein;@@CurrentUserId;;0;;<Keine Angabe>;@@DateFirstDayOfYearAfter12Years;@@DateFirstDayOfYearAfter2Years;4;Keller;;;;
1186;Lohn AN-Stammblatt;;Dokument;1;Mandanten;9;Lohn;LOHN;574;Arbeitspapiere Lohn;;;;;;{$Document.KniggeName$} {$Document.KniggeExtension$} {$Document.AllYearsMonth$};nein;@@CurrentUserId;;0;;<Keine Angabe>;@@DateFirstDayOfYearAfter12Years;@@DateFirstDayOfYearAfter2Years;4;Keller;;;;
1187;Lohn Anstellungsvertrag;;Dokument;1;Mandanten;9;Lohn;LOHN;574;Arbeitspapiere Lohn;;;;;;{$Document.KniggeName$} {$Document.KniggeExtension$} {$Document.AllYearsMonth$};nein;@@CurrentUserId;;0;;<Keine Angabe>;@@DateFirstDayOfYearAfter12Years;@@DateFirstDayOfYearAfter2Years;4;Keller;;;;
1188;Lohn Arbeitsbescheinigung;;Dokument;1;Mandanten;9;Lohn;LOHN;574;Arbeitspapiere Lohn;;;;;;{$Document.KniggeName$} {$Document.KniggeExtension$} {$Document.AllYearsMonth$};nein;@@CurrentUserId;;0;;<Keine Angabe>;@@DateFirstDayOfYearAfter12Years;@@DateFirstDayOfYearAfter2Years;4;Keller;;;;
1189;Lohn Arbeitsvertrag;;Dokument;1;Mandanten;9;Lohn;LOHN;574;Arbeitspapiere Lohn;;;;;;{$Document.KniggeName$} {$Document.KniggeExtension$} {$Document.AllYearsMonth$};nein;@@CurrentUserId;;0;;<Keine Angabe>;@@DateFirstDayOfYearAfter12Years;@@DateFirstDayOfYearAfter2Years;4;Keller;;;;
1190;Lohn Auswertungen;;Dokument;1;Mandanten;9;Lohn;LOHN;574;Arbeitspapiere Lohn;;;;;;{$Document.KniggeName$} {$Document.KniggeExtension$} {$Document.AllYearsMonth$};nein;@@CurrentUserId;;0;;<Keine Angabe>;@@DateFirstDayOfYearAfter12Years;@@DateFirstDayOfYearAfter2Years;4;Keller;;;;
1191;Lohn Belege/Unterlagen;;Dokument;1;Mandanten;9;Lohn;LOHN;574;Arbeitspapiere Lohn;;3400;;;;{$Document.KniggeName$} {$Document.KniggeExtension$} {$Document.AllYearsMonth$};nein;@@CurrentUserId;;0;;<Keine Angabe>;@@DateFirstDayOfYearAfter12Years;@@DateFirstDayOfYearAfter2Years;4;Keller;;;;
1192;Lohn BG-Bescheid;;Dokument;1;Mandanten;9;Lohn;LOHN;574;Arbeitspapiere Lohn;;1970;;;;{$Document.KniggeName$} {$Document.KniggeExtension$} {$Document.AllYearsMonth$};nein;@@CurrentUserId;;0;;<Keine Angabe>;@@DateFirstDayOfYearAfter12Years;@@DateFirstDayOfYearAfter2Years;4;Keller;;;;
1193;Lohn Einkommensbescheinigung;;Dokument;1;Mandanten;9;Lohn;LOHN;574;Arbeitspapiere Lohn;;;;;;{$Document.KniggeName$} {$Document.KniggeExtension$} {$Document.AllYearsMonth$};nein;@@CurrentUserId;;0;;<Keine Angabe>;@@DateFirstDayOfYearAfter12Years;@@DateFirstDayOfYearAfter2Years;4;Keller;;;;
1194;Lohn Krankmeldung;;Dokument;1;Mandanten;9;Lohn;LOHN;574;Arbeitspapiere Lohn;;3400;;;;{$Document.KniggeName$} {$Document.KniggeExtension$} {$Document.AllYearsMonth$};nein;@@CurrentUserId;;0;;<Keine Angabe>;@@DateFirstDayOfYearAfter12Years;@@DateFirstDayOfYearAfter2Years;4;Keller;;;;
1195;Lohn MA-Fragebogen;;Dokument;1;Mandanten;9;Lohn;LOHN;574;Arbeitspapiere Lohn;;3400;;;;{$Document.KniggeName$} {$Document.KniggeExtension$} {$Document.AllYearsMonth$};nein;@@CurrentUserId;;0;;<Keine Angabe>;@@DateFirstDayOfYearAfter12Years;@@DateFirstDayOfYearAfter2Years;4;Keller;;;;
1196;Lohn Mandanten-Stammdaten;;Dokument;1;Mandanten;9;Lohn;LOHN;574;Arbeitspapiere Lohn;;;;;;{$Document.KniggeName$} {$Document.KniggeExtension$} {$Document.AllYearsMonth$};nein;@@CurrentUserId;;0;;<Keine Angabe>;@@DateFirstDayOfYearAfter12Years;@@DateFirstDayOfYearAfter2Years;4;Keller;;;;
1197;Lohn Mitteilung von Mandant;;Dokument;1;Mandanten;9;Lohn;LOHN;62;Korrespondenz;;3400;;;;{$Document.KniggeName$} {$Document.KniggeExtension$} {$Document.AllYearsMonth$};nein;@@CurrentUserId;;0;;<Keine Angabe>;@@DateFirstDayOfYearAfter12Years;@@DateFirstDayOfYearAfter2Years;4;Keller;;;;
1198;Lohn Nachweis der Beitragszahlung zur Sozialversicherung;;Dokument;1;Mandanten;9;Lohn;LOHN;574;Arbeitspapiere Lohn;;;;;;{$Document.KniggeName$} {$Document.KniggeExtension$} {$Document.AllYearsMonth$};nein;@@CurrentUserId;;0;;<Keine Angabe>;@@DateFirstDayOfYearAfter12Years;@@DateFirstDayOfYearAfter2Years;4;Keller;;;;
1199;Lohn Nebenverdienstbescheinigung;;Dokument;1;Mandanten;9;Lohn;LOHN;574;Arbeitspapiere Lohn;;;;;;{$Document.KniggeName$} {$Document.KniggeExtension$} {$Document.AllYearsMonth$};nein;@@CurrentUserId;;0;;<Keine Angabe>;@@DateFirstDayOfYearAfter12Years;@@DateFirstDayOfYearAfter2Years;4;Keller;;;;
1200;Lohn Stundenzettel;;Dokument;1;Mandanten;9;Lohn;LOHN;574;Arbeitspapiere Lohn;;3400;;;;{$Document.KniggeName$} {$Document.KniggeExtension$} {$Document.AllYearsMonth$};nein;@@CurrentUserId;;0;;<Keine Angabe>;@@DateFirstDayOfYearAfter12Years;@@DateFirstDayOfYearAfter2Years;4;Keller;;;;
1201;Lohn Verdienstbescheinigung;;Dokument;1;Mandanten;9;Lohn;LOHN;574;Arbeitspapiere Lohn;;;;;;{$Document.KniggeName$} {$Document.KniggeExtension$} {$Document.AllYearsMonth$};nein;@@CurrentUserId;;0;;<Keine Angabe>;@@DateFirstDayOfYearAfter12Years;@@DateFirstDayOfYearAfter2Years;4;Keller;;;;
1202;Lohn VWL;;Dokument;1;Mandanten;9;Lohn;LOHN;574;Arbeitspapiere Lohn;;;;;;{$Document.KniggeName$} {$Document.KniggeExtension$} {$Document.AllYearsMonth$};nein;@@CurrentUserId;;0;;<Keine Angabe>;@@DateFirstDayOfYearAfter12Years;@@DateFirstDayOfYearAfter2Years;4;Keller;;;;
1203;Lohn Zeugnis Arbeitnehmer;;Dokument;1;Mandanten;9;Lohn;LOHN;574;Arbeitspapiere Lohn;;;;;;{$Document.KniggeName$} {$Document.KniggeExtension$} {$Document.AllYearsMonth$};nein;@@CurrentUserId;;0;;<Keine Angabe>;@@DateFirstDayOfYearAfter12Years;@@DateFirstDayOfYearAfter2Years;4;Keller;;;;
1204;Lohnfortzahlungsantrag;;Dokument;1;Mandanten;9;Lohn;LOHN;574;Arbeitspapiere Lohn;;;;;;{$Document.KniggeName$} {$Document.KniggeExtension$} {$Document.AllYearsMonth$};nein;@@CurrentUserId;;0;;<Keine Angabe>;@@DateFirstDayOfYearAfter12Years;@@DateFirstDayOfYearAfter2Years;4;Keller;;;;
1205;Lohnnachweis;;Dokument;1;Mandanten;9;Lohn;LOHN;574;Arbeitspapiere Lohn;;;;;;{$Document.KniggeName$} {$Document.KniggeExtension$} {$Document.AllYearsMonth$};nein;@@CurrentUserId;;0;;<Keine Angabe>;@@DateFirstDayOfYearAfter12Years;@@DateFirstDayOfYearAfter2Years;4;Keller;;;;
1206;Lohnnachweis der BG;;Dokument;1;Mandanten;9;Lohn;LOHN;574;Arbeitspapiere Lohn;;;;;;{$Document.KniggeName$} {$Document.KniggeExtension$} {$Document.AllYearsMonth$};nein;@@CurrentUserId;;0;;<Keine Angabe>;@@DateFirstDayOfYearAfter12Years;@@DateFirstDayOfYearAfter2Years;4;Keller;;;;
1207;LSt-Bescheinigung;;Dokument;1;Mandanten;9;Lohn;LOHN;574;Arbeitspapiere Lohn;;;;;;{$Document.KniggeName$} {$Document.KniggeExtension$} {$Document.AllYearsMonth$};nein;@@CurrentUserId;;0;;<Keine Angabe>;@@DateFirstDayOfYearAfter12Years;@@DateFirstDayOfYearAfter2Years;4;Keller;;;;
1208;LSt-Ermäßigungs-Antrag;;Dokument;1;Mandanten;9;Lohn;LOHN;574;Arbeitspapiere Lohn;;;;;;{$Document.KniggeName$} {$Document.KniggeExtension$} {$Document.AllYearsMonth$};nein;@@CurrentUserId;;0;;<Keine Angabe>;@@DateFirstDayOfYearAfter12Years;@@DateFirstDayOfYearAfter2Years;4;Keller;;;;
1209;LSt-Nachforderungs-Bescheid;;Dokument;1;Mandanten;9;Lohn;LOHN;574;Arbeitspapiere Lohn;;3200;;;;{$Document.KniggeName$} {$Document.KniggeExtension$} {$Document.AllYearsMonth$};nein;@@CurrentUserId;;0;;<Keine Angabe>;@@DateFirstDayOfYearAfter12Years;@@DateFirstDayOfYearAfter2Years;4;Keller;;;;
1210;LSt-Prüfung Besprechungsprotokoll;;Dokument;1;Mandanten;9;Lohn;LOHN;72;Außenprüfung;;;;;;{$Document.KniggeName$} {$Document.KniggeExtension$} {$Document.AllYearsMonth$};nein;@@User_KL;;0;;<Keine Angabe>;@@DateFirstDayOfYearAfter12Years;@@DateFirstDayOfYearAfter2Years;4;Keller;;;;
1211;LSt-Prüfung Prüfungsbericht;;Dokument;1;Mandanten;9;Lohn;LOHN;72;Außenprüfung;;;;;;{$Document.KniggeName$} {$Document.KniggeExtension$} {$Document.AllYearsMonth$};nein;@@User_KL;;0;;<Keine Angabe>;@@DateFirstDayOfYearAfter12Years;@@DateFirstDayOfYearAfter2Years;4;Keller;;;;
1212;BaM Mahnung;;Dokument;1;Mandanten;3;Stammakte;Stamm;4;Gebührenabrechnung;;3600;;;;{$Document.KniggeName$} {$Document.KniggeExtension$} {$Document.AllYearsMonth$};nein;@@CurrentUserId;;0;;<Keine Angabe>;@@DateFirstDayOfYearAfter12Years;@@DateFirstDayOfYearAfter2Years;4;Keller;;;;
1213;Meldung an Ämter/Behörden:;;Dokument;1;Mandanten;3;Stammakte;Stamm;5;Verträge;;;;;;{$Document.KniggeName$} {$Document.KniggeExtension$} {$Document.AllYearsMonth$};nein;@@CurrentUserId;;0;;<Keine Angabe>;@@DateFirstDayOfYearAfter12Years;@@DateFirstDayOfYearAfter2Years;4;Keller;;;;
1214;Mietvertrag;;Dokument;1;Mandanten;3;Stammakte;Stamm;5;Verträge;erledigt;;;;;{$Document.KniggeName$} {$Document.KniggeExtension$} {$Document.AllYearsMonth$};nein;@@CurrentUserId;;0;;<Keine Angabe>;;@@DateFirstDayOfYearAfter2Years;4;Keller;;;;
1215;Pachtvertrag;;Dokument;1;Mandanten;3;Stammakte;Stamm;5;Verträge;erledigt;;;;;{$Document.KniggeName$} {$Document.KniggeExtension$} {$Document.AllYearsMonth$};nein;@@CurrentUserId;;0;;<Keine Angabe>;;@@DateFirstDayOfYearAfter2Years;4;Keller;;;;
1216;Pensionszusage;;Dokument;1;Mandanten;3;Stammakte;Stamm;575;Dauerakte;;;;;;{$Document.KniggeName$} {$Document.KniggeExtension$} {$Document.AllYearsMonth$};nein;@@User_KL;;0;;<Keine Angabe>;;@@DateFirstDayOfYearAfter2Years;4;Keller;;;;
1219;SchenkSt-Bescheid;;Dokument;1;Mandanten;5;Steuerakte;Steuern;560;Steuerbescheide;;1417;;;ja;{$Document.KniggeName$} {$Document.KniggeExtension$} {$Document.AllYearsMonth$};nein;@@User_MV;;0;;<Keine Angabe>;@@DateFirstDayOfYearAfter12Years;@@DateFirstDayOfYearAfter2Years;4;Keller;;;;
1220;SchenkSt-Erklärung;;Dokument;1;Mandanten;5;Steuerakte;Steuern;559;Steuererklärungen;erledigt;;;;ja;{$Document.KniggeName$} {$Document.KniggeExtension$} {$Document.AllYearsMonth$};nein;@@CurrentUserId;;0;;<Keine Angabe>;@@DateFirstDayOfYearAfter12Years;@@DateFirstDayOfYearAfter2Years;4;Keller;;;;
1221;Steuerberatungsvertrag;;Dokument;1;Mandanten;3;Stammakte;Stamm;9;Auftragsunterlagen;erledigt;;;;;{$Document.KniggeName$} {$Document.KniggeExtension$} {$Document.AllYearsMonth$};nein;@@CurrentUserId;;;;;;@@DateFirstDayOfYearAfter2Years;4;Keller;;;;
1222;Steuern Aktenvermerk;;Dokument;1;Mandanten;5;Steuerakte;Steuern;558;Arbeitspapiere zu Steuererklärungen;;;;;;{$Document.KniggeName$} {$Document.KniggeExtension$} {$Document.AllYearsMonth$};nein;@@CurrentUserId;;0;;<Keine Angabe>;@@DateFirstDayOfYearAfter12Years;@@DateFirstDayOfYearAfter2Years;4;Keller;;;;
1223;Telefonnotiz FiBu;;Dokument;1;Mandanten;8;Finanzbuchhaltung;FIBU;576;Arbeitspapiere FiBu;;;;;;{$Document.KniggeName$} {$Document.KniggeExtension$} {$Document.AllYearsMonth$};nein;@@CurrentUserId;;0;;<Keine Angabe>;@@DateFirstDayOfYearAfter12Years;@@DateFirstDayOfYearAfter2Years;4;Keller;;;;
1224;Telefonnotiz JA;;Dokument;1;Mandanten;4;Jahresabschluss /Bilanz;JA / Bil;562;Arbeitspapiere zum Jahresabschluss;;;;;;{$Document.KniggeName$} {$Document.KniggeExtension$} {$Document.AllYearsMonth$};nein;@@CurrentUserId;;0;;<Keine Angabe>;@@DateFirstDayOfYearAfter12Years;@@DateFirstDayOfYearAfter2Years;4;Keller;;;;
1225;Telefonnotiz Lohn;;Dokument;1;Mandanten;9;Lohn;LOHN;574;Arbeitspapiere Lohn;;;;;;{$Document.KniggeName$} {$Document.KniggeExtension$} {$Document.AllYearsMonth$};nein;@@CurrentUserId;;0;;<Keine Angabe>;@@DateFirstDayOfYearAfter12Years;@@DateFirstDayOfYearAfter2Years;4;Keller;;;;
1226;Telefonnotiz Steuern;;Dokument;1;Mandanten;5;Steuerakte;Steuern;558;Arbeitspapiere zu Steuererklärungen;;;;;;{$Document.KniggeName$} {$Document.KniggeExtension$} {$Document.AllYearsMonth$};nein;@@CurrentUserId;;0;;<Keine Angabe>;@@DateFirstDayOfYearAfter12Years;@@DateFirstDayOfYearAfter2Years;4;Keller;;;;
1227;Telefonnotiz:;;Dokument;1;Mandanten;0;<Keine Angabe>;Alle;0;<Keine Angabe>;;;;;;{$Document.KniggeName$} {$Document.KniggeExtension$} {$Document.AllYearsMonth$};nein;@@CurrentUserId;;0;;<Keine Angabe>;@@DateFirstDayOfYearAfter12Years;@@DateFirstDayOfYearAfter2Years;4;Keller;;;;
1228;Testament;;Dokument;1;Mandanten;3;Stammakte;Stamm;575;Dauerakte;;;;;;{$Document.KniggeName$} {$Document.KniggeExtension$} {$Document.AllYearsMonth$};nein;@@CurrentUserId;;0;;<Keine Angabe>;;@@DateFirstDayOfYearAfter2Years;4;Keller;;;;
1229;USt AP;;Dokument;1;Mandanten;5;Steuerakte;Steuern;558;Arbeitspapiere zu Steuererklärungen;;;;;;{$Document.KniggeName$} {$Document.KniggeExtension$} {$Document.AllYearsMonth$};nein;@@CurrentUserId;;0;;<Keine Angabe>;@@DateFirstDayOfYearAfter12Years;@@DateFirstDayOfYearAfter2Years;4;Keller;;;;
1230;USt-Abrechnung;;Dokument;1;Mandanten;5;Steuerakte;Steuern;560;Steuerbescheide;;3200;;;ja;{$Document.KniggeName$} {$Document.KniggeExtension$} {$Document.AllYearsMonth$};nein;@@User_MV;;0;;<Keine Angabe>;@@DateFirstDayOfYearAfter12Years;@@DateFirstDayOfYearAfter2Years;4;Keller;;;;
1231;USt-Belege;;Dokument;1;Mandanten;5;Steuerakte;Steuern;558;Arbeitspapiere zu Steuererklärungen;;;;;;{$Document.KniggeName$} {$Document.KniggeExtension$} {$Document.AllYearsMonth$};nein;@@CurrentUserId;;0;;<Keine Angabe>;@@DateFirstDayOfYearAfter12Years;@@DateFirstDayOfYearAfter2Years;4;Keller;;;;
1232;USt-Bescheid;;Dokument;1;Mandanten;5;Steuerakte;Steuern;560;Steuerbescheide;;1409;;;ja;{$Document.KniggeName$} {$Document.KniggeExtension$} {$Document.AllYearsMonth$};nein;@@User_MV;;0;;<Keine Angabe>;@@DateFirstDayOfYearAfter12Years;@@DateFirstDayOfYearAfter2Years;4;Keller;;;;
1233;USt-Erklärung;;Dokument;1;Mandanten;5;Steuerakte;Steuern;559;Steuererklärungen;erledigt;;;;ja;{$Document.KniggeName$} {$Document.KniggeExtension$} {$Document.AllYearsMonth$};nein;@@CurrentUserId;;0;;<Keine Angabe>;@@DateFirstDayOfYearAfter12Years;@@DateFirstDayOfYearAfter2Years;4;Keller;;;;
1234;USt-IdNr. Erteilung;;Dokument;1;Mandanten;3;Stammakte;Stamm;575;Dauerakte;;8308;;;;{$Document.KniggeName$} {$Document.KniggeExtension$};nein;@@CurrentUserId;;;;;;@@DateFirstDayOfYearAfter2Years;4;Keller;;;;
1235;USt-Mitteilung;;Dokument;1;Mandanten;5;Steuerakte;Steuern;560;Steuerbescheide;offen;5600;;;ja;{$Document.KniggeName$} {$Document.KniggeExtension$} {$Document.AllYearsMonth$};nein;@@User_MV;;0;;<Keine Angabe>;@@DateFirstDayOfYearAfter12Years;@@DateFirstDayOfYearAfter2Years;4;Keller;;;;
1236;USt-Prüfung Besprechungsprotokoll;;Dokument;1;Mandanten;5;Steuerakte;Steuern;573;Betriebsprüfung;;;;;;{$Document.KniggeName$} {$Document.KniggeExtension$} {$Document.AllYearsMonth$};nein;@@User_KL;;0;;<Keine Angabe>;@@DateFirstDayOfYearAfter12Years;@@DateFirstDayOfYearAfter2Years;4;Keller;;;;
1237;USt-Prüfung Prüfungsbericht;;Dokument;1;Mandanten;5;Steuerakte;Steuern;573;Betriebsprüfung;;;;;;{$Document.KniggeName$} {$Document.KniggeExtension$} {$Document.AllYearsMonth$};nein;@@User_KL;;0;;<Keine Angabe>;@@DateFirstDayOfYearAfter12Years;@@DateFirstDayOfYearAfter2Years;4;Keller;;;;
1238;USt-VA;;Dokument;1;Mandanten;5;Steuerakte;Steuern;559;Steuererklärungen;;;;;;{$Document.KniggeName$} {$Document.KniggeExtension$} {$Document.AllYearsMonth$};nein;@@CurrentUserId;;0;;<Keine Angabe>;@@DateFirstDayOfYearAfter12Years;@@DateFirstDayOfYearAfter2Years;4;Keller;;;;
1239;USt-VA 1/11;;Dokument;1;Mandanten;5;Steuerakte;Steuern;558;Arbeitspapiere zu Steuererklärungen;;;;;;{$Document.KniggeName$} {$Document.KniggeExtension$} {$Document.AllYearsMonth$};nein;@@CurrentUserId;;0;;<Keine Angabe>;@@DateFirstDayOfYearAfter12Years;@@DateFirstDayOfYearAfter2Years;4;Keller;;;;
1240;USt-VA Übertragungsprotokoll;;Dokument;1;Mandanten;5;Steuerakte;Steuern;558;Arbeitspapiere zu Steuererklärungen;;;;;;{$Document.KniggeName$} {$Document.KniggeExtension$} {$Document.AllYearsMonth$};nein;@@CurrentUserId;;0;;<Keine Angabe>;@@DateFirstDayOfYearAfter12Years;@@DateFirstDayOfYearAfter2Years;4;Keller;;;;
1241;USt-VA Verprobung;;Dokument;1;Mandanten;5;Steuerakte;Steuern;558;Arbeitspapiere zu Steuererklärungen;;;;;;{$Document.KniggeName$} {$Document.KniggeExtension$} {$Document.AllYearsMonth$};nein;@@CurrentUserId;;0;;<Keine Angabe>;@@DateFirstDayOfYearAfter12Years;@@DateFirstDayOfYearAfter2Years;4;Keller;;;;
1242;USt-VZ-Bescheid;;Dokument;1;Mandanten;5;Steuerakte;Steuern;560;Steuerbescheide;;1509;;;ja;{$Document.KniggeName$} {$Document.KniggeExtension$} {$Document.AllYearsMonth$};nein;@@User_MV;;0;;<Keine Angabe>;@@DateFirstDayOfYearAfter12Years;@@DateFirstDayOfYearAfter2Years;4;Keller;;;;
1243;Vertrag:;;Dokument;1;Mandanten;3;Stammakte;Stamm;5;Verträge;erledigt;;;;;{$Document.KniggeName$} {$Document.KniggeExtension$} {$Document.AllYearsMonth$};nein;@@CurrentUserId;;0;;<Keine Angabe>;;@@DateFirstDayOfYearAfter2Years;4;Keller;;;;
1244;Vertretungsvollmacht;;Dokument;1;Mandanten;3;Stammakte;Stamm;11;Vollmacht;erledigt;;;;;{$Document.KniggeName$} {$Document.KniggeExtension$} {$Document.AllYearsMonth$};nein;@@CurrentUserId;;0;;<Keine Angabe>;;@@DateFirstDayOfYearAfter2Years;4;Keller;;;;
1245;Vollmacht:;;Dokument;1;Mandanten;3;Stammakte;Stamm;11;Vollmacht;erledigt;;;;;{$Document.KniggeName$} {$Document.KniggeExtension$} {$Document.AllYearsMonth$};nein;@@CurrentUserId;;;;;;@@DateFirstDayOfYearAfter2Years;4;Keller;;;;
1246;Vollständigkeitserklärung;;Dokument;1;Mandanten;4;Jahresabschluss /Bilanz;JA / Bil;;;erledigt;;;;ja;{$Document.KniggeName$} {$Document.KniggeExtension$} {$Document.AllYearsMonth$};nein;@@CurrentUserId;;0;;<Keine Angabe>;@@DateFirstDayOfYearAfter12Years;@@DateFirstDayOfYearAfter2Years;4;Keller;;;;
1248;BaBehörden:;;Dokument;1;Mandanten;3;Stammakte;Stamm;2;Korrespondenz;erledigt;;5800;ja;;{$Document.KniggeName$} {$Document.KniggeExtension$} {$Document.AllYearsMonth$};nein;@@CurrentUserId;;0;;<Keine Angabe>;@@DateFirstDayOfYearAfter12Years;@@DateFirstDayOfYearAfter2Years;4;Keller;;;;
1249;BaFA Antrag auf Einzelfristverlängerung:;;Dokument;1;Mandanten;5;Steuerakte;Steuern;24;Korrespondenz;erledigt;;5600;ja;;{$Document.KniggeName$} {$Document.KniggeExtension$} {$Document.AllYearsMonth$};nein;@@CurrentUserId;;0;;<Keine Angabe>;@@DateFirstDayOfYearAfter12Years;@@DateFirstDayOfYearAfter2Years;4;Keller;;;;
1250;BaFA Antrag:;;Dokument;1;Mandanten;5;Steuerakte;Steuern;24;Korrespondenz;erledigt;;5600;ja;;{$Document.KniggeName$} {$Document.KniggeExtension$} {$Document.AllYearsMonth$};nein;@@CurrentUserId;;0;;<Keine Angabe>;@@DateFirstDayOfYearAfter12Years;@@DateFirstDayOfYearAfter2Years;4;Keller;;;;
1251;Einheitswert-Bescheid;;Dokument;1;Mandanten;5;Steuerakte;Steuern;560;Steuerbescheide;;1400;;;ja;{$Document.KniggeName$} {$Document.KniggeExtension$} {$Document.AllYearsMonth$};nein;@@User_MV;;0;;<Keine Angabe>;@@DateFirstDayOfYearAfter12Years;@@DateFirstDayOfYearAfter2Years;4;Keller;;;;
1252;Einheitswert-Erklärung;;Dokument;1;Mandanten;5;Steuerakte;Steuern;559;Steuererklärungen;Freizeichnung versenden;;;;ja;{$Document.KniggeName$} {$Document.KniggeExtension$} {$Document.AllYearsMonth$};nein;@@CurrentUserId;;0;;<Keine Angabe>;@@DateFirstDayOfYearAfter12Years;@@DateFirstDayOfYearAfter2Years;4;Keller;;;;
1253;ErbSt AP;;Dokument;1;Mandanten;5;Steuerakte;Steuern;558;Arbeitspapiere zu Steuererklärungen;;3200;;;;{$Document.KniggeName$} {$Document.KniggeExtension$} {$Document.AllYearsMonth$};nein;@@CurrentUserId;;0;;<Keine Angabe>;@@DateFirstDayOfYearAfter12Years;@@DateFirstDayOfYearAfter2Years;4;Keller;;;;
1254;JA Bundesanzeiger;;Dokument;1;Mandanten;4;Jahresabschluss /Bilanz;JA / Bil;16;Erstellungsberichte / Präsentationen;;;;;;{$Document.KniggeName$} {$Document.KniggeExtension$} {$Document.AllYearsMonth$};nein;@@CurrentUserId;;0;;<Keine Angabe>;@@DateFirstDayOfYearAfter12Years;@@DateFirstDayOfYearAfter2Years;4;Keller;;;;
1255;JA Teilnahmeerklärung E-Bilanz;;Dokument;1;Mandanten;3;Stammakte;Stamm;9;Auftragsunterlagen;;3600;;;;{$Document.KniggeName$} {$Document.KniggeExtension$} {$Document.AllYearsMonth$};nein;@@CurrentUserId;;0;;<Keine Angabe>;;@@DateFirstDayOfYearAfter2Years;4;Keller;;;;
1256;Lastschriftvereinbarung;;Dokument;1;Mandanten;3;Stammakte;Stamm;9;Auftragsunterlagen;erledigt;8000;;;;{$Document.KniggeName$} {$Document.KniggeExtension$} {$Document.AllYearsMonth$};nein;@@CurrentUserId;;0;;<Keine Angabe>;@@DateFirstDayOfYearAfter12Years;@@DateFirstDayOfYearAfter2Years;4;Keller;;;;
3001;Telefonnotiz:;;Telefonnotiz;51;Wirtschaftsprüfung;167;Grundakte;Grund;517;GA-030 Korrespondenz;erledigt;;;;ja;{$Document.KniggeName$} {$Document.KniggeExtension$} {$Document.AllYearsMonth$};nein;;;0;;<Keine Angabe>;@@DateFirstDayOfYearAfter12Years;@@DateFirstDayOfYearAfter2Years;4;Keller;;;;
3002;BA-001 Office Copy;;Dokument;51;Wirtschaftsprüfung;166;Berichtsakte;Bericht;512;BA-001 Office Copy;erledigt;;;;ja;{$Document.KniggeName$} {$Document.KniggeExtension$} {$Document.AllYearsMonth$};nein;;;0;;<Keine Angabe>;@@DateFirstDayOfYearAfter12Years;@@DateFirstDayOfYearAfter2Years;4;Keller;;;;
3003;BA-004 Management Letter;;Dokument;51;Wirtschaftsprüfung;166;Berichtsakte;Bericht;513;BA-004 Management Letter;erledigt;;;;ja;{$Document.KniggeName$} {$Document.KniggeExtension$} {$Document.AllYearsMonth$};nein;;;0;;<Keine Angabe>;@@DateFirstDayOfYearAfter12Years;@@DateFirstDayOfYearAfter2Years;4;Keller;;;;
3004;DA-001 Rechtliche Verhältnisse;;Dokument;51;Wirtschaftsprüfung;165;Dauerakte;Dauer;503;DA-001 Rechtliche Verhältnisse;erledigt;;;;ja;{$Document.KniggeName$} {$Document.KniggeExtension$} {$Document.AllYearsMonth$};nein;;;0;;<Keine Angabe>;@@DateFirstDayOfYearAfter12Years;@@DateFirstDayOfYearAfter2Years;4;Keller;;;;
3005;DA-040 Wirtschaftliche Verhältnisse;;Dokument;51;Wirtschaftsprüfung;165;Dauerakte;Dauer;504;DA-040 Wirtschaftliche Verhältnisse;erledigt;;;;ja;{$Document.KniggeName$} {$Document.KniggeExtension$} {$Document.AllYearsMonth$};nein;;;0;;<Keine Angabe>;@@DateFirstDayOfYearAfter12Years;@@DateFirstDayOfYearAfter2Years;4;Keller;;;;
3006;DA-050 Organisation und EDV;;Dokument;51;Wirtschaftsprüfung;165;Dauerakte;Dauer;505;DA-050 Organisation und EDV;erledigt;;;;ja;{$Document.KniggeName$} {$Document.KniggeExtension$} {$Document.AllYearsMonth$};nein;;;0;;<Keine Angabe>;@@DateFirstDayOfYearAfter12Years;@@DateFirstDayOfYearAfter2Years;4;Keller;;;;
3007;DA-060 Rechnungslegung;;Dokument;51;Wirtschaftsprüfung;165;Dauerakte;Dauer;506;DA-060 Rechnungslegung;erledigt;;;;ja;{$Document.KniggeName$} {$Document.KniggeExtension$} {$Document.AllYearsMonth$};nein;;;0;;<Keine Angabe>;@@DateFirstDayOfYearAfter12Years;@@DateFirstDayOfYearAfter2Years;4;Keller;;;;
3008;DA-065 Steuerliche Verhältnisse;;Dokument;51;Wirtschaftsprüfung;165;Dauerakte;Dauer;507;DA-065 Steuerliche Verhältnisse;erledigt;;;;ja;{$Document.KniggeName$} {$Document.KniggeExtension$} {$Document.AllYearsMonth$};nein;;;0;;<Keine Angabe>;@@DateFirstDayOfYearAfter12Years;@@DateFirstDayOfYearAfter2Years;4;Keller;;;;
3009;DA-070 Personelle Verhältnisse;;Dokument;51;Wirtschaftsprüfung;165;Dauerakte;Dauer;508;DA-070 Personelle Verhältnisse;erledigt;;;;ja;{$Document.KniggeName$} {$Document.KniggeExtension$} {$Document.AllYearsMonth$};nein;;;0;;<Keine Angabe>;@@DateFirstDayOfYearAfter12Years;@@DateFirstDayOfYearAfter2Years;4;Keller;;;;
3010;DA-080 IKS Einkauf;;Dokument;51;Wirtschaftsprüfung;165;Dauerakte;Dauer;509;DA-080 Internes Kontrollsystem;erledigt;;;;ja;{$Document.KniggeName$} {$Document.KniggeExtension$} {$Document.AllYearsMonth$};nein;;;0;;<Keine Angabe>;@@DateFirstDayOfYearAfter12Years;@@DateFirstDayOfYearAfter2Years;4;Keller;;;;
3011;DA-081 IKS Verkauf;;Dokument;51;Wirtschaftsprüfung;165;Dauerakte;Dauer;509;DA-080 Internes Kontrollsystem;erledigt;;;;ja;{$Document.KniggeName$} {$Document.KniggeExtension$} {$Document.AllYearsMonth$};nein;;;0;;<Keine Angabe>;@@DateFirstDayOfYearAfter12Years;@@DateFirstDayOfYearAfter2Years;4;Keller;;;;
3012;DA-082 IKS Personal;;Dokument;51;Wirtschaftsprüfung;165;Dauerakte;Dauer;509;DA-080 Internes Kontrollsystem;erledigt;;;;ja;{$Document.KniggeName$} {$Document.KniggeExtension$} {$Document.AllYearsMonth$};nein;;;0;;<Keine Angabe>;@@DateFirstDayOfYearAfter12Years;@@DateFirstDayOfYearAfter2Years;4;Keller;;;;
3013;DA-083 IKS Produktion;;Dokument;51;Wirtschaftsprüfung;165;Dauerakte;Dauer;509;DA-080 Internes Kontrollsystem;erledigt;;;;ja;{$Document.KniggeName$} {$Document.KniggeExtension$} {$Document.AllYearsMonth$};nein;;;0;;<Keine Angabe>;@@DateFirstDayOfYearAfter12Years;@@DateFirstDayOfYearAfter2Years;4;Keller;;;;
3014;DA-084 IKS Buchführung und Abschluss;;Dokument;51;Wirtschaftsprüfung;165;Dauerakte;Dauer;509;DA-080 Internes Kontrollsystem;erledigt;;;;ja;{$Document.KniggeName$} {$Document.KniggeExtension$} {$Document.AllYearsMonth$};nein;;;0;;<Keine Angabe>;@@DateFirstDayOfYearAfter12Years;@@DateFirstDayOfYearAfter2Years;4;Keller;;;;
3015;DA-086 IKS IT-System;;Dokument;51;Wirtschaftsprüfung;165;Dauerakte;Dauer;509;DA-080 Internes Kontrollsystem;erledigt;;;;ja;{$Document.KniggeName$} {$Document.KniggeExtension$} {$Document.AllYearsMonth$};nein;;;0;;<Keine Angabe>;@@DateFirstDayOfYearAfter12Years;@@DateFirstDayOfYearAfter2Years;4;Keller;;;;
3016;DA-087 IKS Anlagenbereich;;Dokument;51;Wirtschaftsprüfung;165;Dauerakte;Dauer;509;DA-080 Internes Kontrollsystem;erledigt;;;;ja;{$Document.KniggeName$} {$Document.KniggeExtension$} {$Document.AllYearsMonth$};nein;;;0;;<Keine Angabe>;@@DateFirstDayOfYearAfter12Years;@@DateFirstDayOfYearAfter2Years;4;Keller;;;;
3017;DA-088 IKS Vorräte und Materialwirtschaft;;Dokument;51;Wirtschaftsprüfung;165;Dauerakte;Dauer;509;DA-080 Internes Kontrollsystem;erledigt;;;;ja;{$Document.KniggeName$} {$Document.KniggeExtension$} {$Document.AllYearsMonth$};nein;;;0;;<Keine Angabe>;@@DateFirstDayOfYearAfter12Years;@@DateFirstDayOfYearAfter2Years;4;Keller;;;;
3018;DA-089 IKS Individueller Prozess;;Dokument;51;Wirtschaftsprüfung;165;Dauerakte;Dauer;509;DA-080 Internes Kontrollsystem;erledigt;;;;ja;{$Document.KniggeName$} {$Document.KniggeExtension$} {$Document.AllYearsMonth$};nein;;;0;;<Keine Angabe>;@@DateFirstDayOfYearAfter12Years;@@DateFirstDayOfYearAfter2Years;4;Keller;;;;
3019;GA-000 Prüfungsplanungen und Prüfungsfeststellungen;;Dokument;51;Wirtschaftsprüfung;167;Grundakte;Grund;514;GA-000 Prüfungsplanungen und Prüfungsfeststellungen;erledigt;;;;ja;{$Document.KniggeName$} {$Document.KniggeExtension$} {$Document.AllYearsMonth$};nein;;;0;;<Keine Angabe>;@@DateFirstDayOfYearAfter12Years;@@DateFirstDayOfYearAfter2Years;4;Keller;;;;
3020;GA-010 Qualitätskontrolle;;Dokument;51;Wirtschaftsprüfung;167;Grundakte;Grund;515;GA-010 Qualitätskontrolle;erledigt;;;;ja;{$Document.KniggeName$} {$Document.KniggeExtension$} {$Document.AllYearsMonth$};nein;;;0;;<Keine Angabe>;@@DateFirstDayOfYearAfter12Years;@@DateFirstDayOfYearAfter2Years;4;Keller;;;;
3021;GA-020 Auftragsverwaltung;;Dokument;51;Wirtschaftsprüfung;167;Grundakte;Grund;516;GA-020 Auftragsverwaltung;erledigt;;;;ja;{$Document.KniggeName$} {$Document.KniggeExtension$} {$Document.AllYearsMonth$};nein;;;0;;<Keine Angabe>;@@DateFirstDayOfYearAfter12Years;@@DateFirstDayOfYearAfter2Years;4;Keller;;;;
3022;GA-030 Korrespondenz;;Dokument;51;Wirtschaftsprüfung;167;Grundakte;Grund;517;GA-030 Korrespondenz;erledigt;;;;ja;{$Document.KniggeName$} {$Document.KniggeExtension$} {$Document.AllYearsMonth$};nein;;;0;;<Keine Angabe>;@@DateFirstDayOfYearAfter12Years;@@DateFirstDayOfYearAfter2Years;4;Keller;;;;
3023;GA-040 Prüfungszeiten, Budgetierung;;Dokument;51;Wirtschaftsprüfung;167;Grundakte;Grund;518;GA-040 Prüfungszeiten, Budgetierung;erledigt;;;;ja;{$Document.KniggeName$} {$Document.KniggeExtension$} {$Document.AllYearsMonth$};nein;;;0;;<Keine Angabe>;@@DateFirstDayOfYearAfter12Years;@@DateFirstDayOfYearAfter2Years;4;Keller;;;;
3024;GA-050 Verwaltung der Prüfungsdurchführung;;Dokument;51;Wirtschaftsprüfung;167;Grundakte;Grund;519;GA-050 Verwaltung der Prüfungsdurchführung;erledigt;;;;ja;{$Document.KniggeName$} {$Document.KniggeExtension$} {$Document.AllYearsMonth$};nein;;;0;;<Keine Angabe>;@@DateFirstDayOfYearAfter12Years;@@DateFirstDayOfYearAfter2Years;4;Keller;;;;
3025;GA-060 Offene Punkte;;Dokument;51;Wirtschaftsprüfung;167;Grundakte;Grund;520;GA-060 Offene Punkte;erledigt;;;;ja;{$Document.KniggeName$} {$Document.KniggeExtension$} {$Document.AllYearsMonth$};nein;;;0;;<Keine Angabe>;@@DateFirstDayOfYearAfter12Years;@@DateFirstDayOfYearAfter2Years;4;Keller;;;;
3026;GA-070 Besprechungen;;Dokument;51;Wirtschaftsprüfung;167;Grundakte;Grund;521;GA-070 Besprechungen;erledigt;;;;ja;{$Document.KniggeName$} {$Document.KniggeExtension$} {$Document.AllYearsMonth$};nein;;;0;;<Keine Angabe>;@@DateFirstDayOfYearAfter12Years;@@DateFirstDayOfYearAfter2Years;4;Keller;;;;
3027;GA-080 Vollständigkeitserklärung;;Dokument;51;Wirtschaftsprüfung;167;Grundakte;Grund;522;GA-080 Vollständigkeitserklärung;erledigt;;;;ja;{$Document.KniggeName$} {$Document.KniggeExtension$} {$Document.AllYearsMonth$};nein;;;0;;<Keine Angabe>;@@DateFirstDayOfYearAfter12Years;@@DateFirstDayOfYearAfter2Years;4;Keller;;;;
3028;PO-A Bilanz, GuV, Umbuchungen;;Dokument;51;Wirtschaftsprüfung;168;Postenakte;Posten;523;PO-A Bilanz, GuV, Umbuchungen;erledigt;;;;ja;{$Document.KniggeName$} {$Document.KniggeExtension$} {$Document.AllYearsMonth$};nein;;;0;;<Keine Angabe>;@@DateFirstDayOfYearAfter12Years;@@DateFirstDayOfYearAfter2Years;4;Keller;;;;
3029;PO-B Anhang und Lagebericht;;Dokument;51;Wirtschaftsprüfung;168;Postenakte;Posten;524;PO-B Anhang und Lagebericht;erledigt;;;;ja;{$Document.KniggeName$} {$Document.KniggeExtension$} {$Document.AllYearsMonth$};nein;;;0;;<Keine Angabe>;@@DateFirstDayOfYearAfter12Years;@@DateFirstDayOfYearAfter2Years;4;Keller;;;;
3030;PO-C Ereignisse nach dem Bilanzstichtag;;Dokument;51;Wirtschaftsprüfung;168;Postenakte;Posten;525;PO-C Ereignisse nach dem Bilanzstichtag;erledigt;;;;ja;{$Document.KniggeName$} {$Document.KniggeExtension$} {$Document.AllYearsMonth$};nein;;;0;;<Keine Angabe>;@@DateFirstDayOfYearAfter12Years;@@DateFirstDayOfYearAfter2Years;4;Keller;;;;
3031;PO-D Immaterielle Vermögensgegenstände und Sachanlagen;;Dokument;51;Wirtschaftsprüfung;168;Postenakte;Posten;526;PO-D Immaterielle Vermögensgegenstände und Sachanlagen;erledigt;;;;ja;{$Document.KniggeName$} {$Document.KniggeExtension$} {$Document.AllYearsMonth$};nein;;;0;;<Keine Angabe>;@@DateFirstDayOfYearAfter12Years;@@DateFirstDayOfYearAfter2Years;4;Keller;;;;
3032;PO-E Finanzanlagen, Wertpapiere des Umlaufvermögens;;Dokument;51;Wirtschaftsprüfung;168;Postenakte;Posten;527;PO-E Finanzanlagen, Wertpapiere des Umlaufvermögens;erledigt;;;;ja;{$Document.KniggeName$} {$Document.KniggeExtension$} {$Document.AllYearsMonth$};nein;;;0;;<Keine Angabe>;@@DateFirstDayOfYearAfter12Years;@@DateFirstDayOfYearAfter2Years;4;Keller;;;;
3033;PO-F Vorräte (inkl. geleistete Anzahlungen);;Dokument;51;Wirtschaftsprüfung;168;Postenakte;Posten;528;PO-F Vorräte (inkl. geleistete Anzahlungen);erledigt;;;;ja;{$Document.KniggeName$} {$Document.KniggeExtension$} {$Document.AllYearsMonth$};nein;;;0;;<Keine Angabe>;@@DateFirstDayOfYearAfter12Years;@@DateFirstDayOfYearAfter2Years;4;Keller;;;;
3034;PO-G Forderungen aus Lieferungen und Leistungen;;Dokument;51;Wirtschaftsprüfung;168;Postenakte;Posten;529;PO-G Forderungen aus Lieferungen und Leistungen;erledigt;;;;ja;{$Document.KniggeName$} {$Document.KniggeExtension$} {$Document.AllYearsMonth$};nein;;;0;;<Keine Angabe>;@@DateFirstDayOfYearAfter12Years;@@DateFirstDayOfYearAfter2Years;4;Keller;;;;
3035;PO-H Ford. u. Verb. im Verbund- und Beteiligungsbereich;;Dokument;51;Wirtschaftsprüfung;168;Postenakte;Posten;530;PO-H Ford. u. Verb. im Verbund- und Beteiligungsbereich;erledigt;;;;ja;{$Document.KniggeName$} {$Document.KniggeExtension$} {$Document.AllYearsMonth$};nein;;;0;;<Keine Angabe>;@@DateFirstDayOfYearAfter12Years;@@DateFirstDayOfYearAfter2Years;4;Keller;;;;
3036;PO-I Sonst. Vermög. und aktive Rechnungsabgrenzungsposten;;Dokument;51;Wirtschaftsprüfung;168;Postenakte;Posten;531;PO-I Sonst. Vermög. und aktive Rechnungsabgrenzungsposten;erledigt;;;;ja;{$Document.KniggeName$} {$Document.KniggeExtension$} {$Document.AllYearsMonth$};nein;;;0;;<Keine Angabe>;@@DateFirstDayOfYearAfter12Years;@@DateFirstDayOfYearAfter2Years;4;Keller;;;;
3037;PO-J Schecks, Kasse, Banken;;Dokument;51;Wirtschaftsprüfung;168;Postenakte;Posten;532;PO-J Schecks, Kasse, Banken;erledigt;;;;ja;{$Document.KniggeName$} {$Document.KniggeExtension$} {$Document.AllYearsMonth$};nein;;;0;;<Keine Angabe>;@@DateFirstDayOfYearAfter12Years;@@DateFirstDayOfYearAfter2Years;4;Keller;;;;
3038;PO-K Eigenkapital;;Dokument;51;Wirtschaftsprüfung;168;Postenakte;Posten;533;PO-K Eigenkapital;erledigt;;;;ja;{$Document.KniggeName$} {$Document.KniggeExtension$} {$Document.AllYearsMonth$};nein;;;0;;<Keine Angabe>;@@DateFirstDayOfYearAfter12Years;@@DateFirstDayOfYearAfter2Years;4;Keller;;;;
3039;PO-L Sonderposten mit Rücklageanteil;;Dokument;51;Wirtschaftsprüfung;168;Postenakte;Posten;534;PO-L Sonderposten mit Rücklageanteil;erledigt;;;;ja;{$Document.KniggeName$} {$Document.KniggeExtension$} {$Document.AllYearsMonth$};nein;;;0;;<Keine Angabe>;@@DateFirstDayOfYearAfter12Years;@@DateFirstDayOfYearAfter2Years;4;Keller;;;;
3040;PO-M Pensionsrückstellungen;;Dokument;51;Wirtschaftsprüfung;168;Postenakte;Posten;535;PO-M Pensionsrückstellungen;erledigt;;;;ja;{$Document.KniggeName$} {$Document.KniggeExtension$} {$Document.AllYearsMonth$};nein;;;0;;<Keine Angabe>;@@DateFirstDayOfYearAfter12Years;@@DateFirstDayOfYearAfter2Years;4;Keller;;;;
3041;PO-N Steuerrückstellungen;;Dokument;51;Wirtschaftsprüfung;168;Postenakte;Posten;536;PO-N Steuerrückstellungen;erledigt;;;;ja;{$Document.KniggeName$} {$Document.KniggeExtension$} {$Document.AllYearsMonth$};nein;;;0;;<Keine Angabe>;@@DateFirstDayOfYearAfter12Years;@@DateFirstDayOfYearAfter2Years;4;Keller;;;;
3042;PO-O Sonstige Rückstellungen;;Dokument;51;Wirtschaftsprüfung;168;Postenakte;Posten;537;PO-O Sonstige Rückstellungen;erledigt;;;;ja;{$Document.KniggeName$} {$Document.KniggeExtension$} {$Document.AllYearsMonth$};nein;;;0;;<Keine Angabe>;@@DateFirstDayOfYearAfter12Years;@@DateFirstDayOfYearAfter2Years;4;Keller;;;;
3043;PO-P Verbindlichkeiten aus Lieferungen und Leistungen;;Dokument;51;Wirtschaftsprüfung;168;Postenakte;Posten;538;PO-P Verbindlichkeiten aus Lieferungen und Leistungen;erledigt;;;;ja;{$Document.KniggeName$} {$Document.KniggeExtension$} {$Document.AllYearsMonth$};nein;;;0;;<Keine Angabe>;@@DateFirstDayOfYearAfter12Years;@@DateFirstDayOfYearAfter2Years;4;Keller;;;;
3044;PO-Q Sonstige Verbindlichkeiten und Passive Rechnung;;Dokument;51;Wirtschaftsprüfung;168;Postenakte;Posten;539;PO-Q Sonstige Verbindlichkeiten und Passive Rechnung;erledigt;;;;ja;{$Document.KniggeName$} {$Document.KniggeExtension$} {$Document.AllYearsMonth$};nein;;;0;;<Keine Angabe>;@@DateFirstDayOfYearAfter12Years;@@DateFirstDayOfYearAfter2Years;4;Keller;;;;
3045;PO-R Gewinn- und Verlustrechnung;;Dokument;51;Wirtschaftsprüfung;168;Postenakte;Posten;540;PO-R Gewinn- und Verlustrechnung;erledigt;;;;ja;{$Document.KniggeName$} {$Document.KniggeExtension$} {$Document.AllYearsMonth$};nein;;;0;;<Keine Angabe>;@@DateFirstDayOfYearAfter12Years;@@DateFirstDayOfYearAfter2Years;4;Keller;;;;
3046;PO-S Sonstige betriebliche Erträge und Aufwendungen;;Dokument;51;Wirtschaftsprüfung;168;Postenakte;Posten;541;PO-S Sonstige betriebliche Erträge und Aufwendungen;erledigt;;;;ja;{$Document.KniggeName$} {$Document.KniggeExtension$} {$Document.AllYearsMonth$};nein;;;0;;<Keine Angabe>;@@DateFirstDayOfYearAfter12Years;@@DateFirstDayOfYearAfter2Years;4;Keller;;;;
3047;PO-T Personalaufwand;;Dokument;51;Wirtschaftsprüfung;168;Postenakte;Posten;542;PO-T Personalaufwand;erledigt;;;;ja;{$Document.KniggeName$} {$Document.KniggeExtension$} {$Document.AllYearsMonth$};nein;;;0;;<Keine Angabe>;@@DateFirstDayOfYearAfter12Years;@@DateFirstDayOfYearAfter2Years;4;Keller;;;;
3048;PO-U Erträge aus Beteiligungen;;Dokument;51;Wirtschaftsprüfung;168;Postenakte;Posten;543;PO-U Erträge aus Beteiligungen;erledigt;;;;ja;{$Document.KniggeName$} {$Document.KniggeExtension$} {$Document.AllYearsMonth$};nein;;;0;;<Keine Angabe>;@@DateFirstDayOfYearAfter12Years;@@DateFirstDayOfYearAfter2Years;4;Keller;;;;
3049;PO-X Zinserträge und Zinsaufwendungen;;Dokument;51;Wirtschaftsprüfung;168;Postenakte;Posten;544;PO-X Zinserträge und Zinsaufwendungen;erledigt;;;;ja;{$Document.KniggeName$} {$Document.KniggeExtension$} {$Document.AllYearsMonth$};nein;;;0;;<Keine Angabe>;@@DateFirstDayOfYearAfter12Years;@@DateFirstDayOfYearAfter2Years;4;Keller;;;;
3050;PO-Y Außerordentliche Erträge und Aufwendungen;;Dokument;51;Wirtschaftsprüfung;168;Postenakte;Posten;545;PO-Y Außerordentliche Erträge und Aufwendungen;erledigt;;;;ja;{$Document.KniggeName$} {$Document.KniggeExtension$} {$Document.AllYearsMonth$};nein;;;0;;<Keine Angabe>;@@DateFirstDayOfYearAfter12Years;@@DateFirstDayOfYearAfter2Years;4;Keller;;;;
3051;PO-Z Steuern;;Dokument;51;Wirtschaftsprüfung;168;Postenakte;Posten;546;PO-Z Steuern;erledigt;;;;ja;{$Document.KniggeName$} {$Document.KniggeExtension$} {$Document.AllYearsMonth$};nein;;;0;;<Keine Angabe>;@@DateFirstDayOfYearAfter12Years;@@DateFirstDayOfYearAfter2Years;4;Keller;;;;
10001;BvM: Informationen für Corona-Anträge;;Dokument;1;Mandanten;178;Beratung;Beratung;551;Anträge;offen;;;;ja;{$Document.KniggeName$} {$Document.KniggeExtension$} {$Document.AllYearsMonth$};nein;@@CurrentUserId;;;;;@@DateFirstDayOfYearAfter12Years;@@DateFirstDayOfYearAfter2Years;4;Keller;;;;
10002;BvBezReg: Corona-Bescheid;;Dokument;1;Mandanten;178;Beratung;Beratung;551;Anträge;;8305;;;ja;{$Document.KniggeName$} {$Document.KniggeExtension$} {$Document.AllYearsMonth$};nein;@@User_MV;;;;;@@DateFirstDayOfYearAfter12Years;@@DateFirstDayOfYearAfter2Years;4;Keller;;;;
10003;Ausweiskopien;;Dokument;1;Mandanten;3;Stammakte;Stamm;9;Auftragsunterlagen;;;;;;{$Document.KniggeName$} {$Document.KniggeExtension$} {$Document.AllYearsMonth$};nein;@@CurrentUserId;;;;;;@@DateFirstDayOfYearAfter2Years;4;Keller;;;;
10004;FiBu-Belege;;Beleg;1;Mandanten;8;Finanzbuchhaltung;FIBU;502;FiBu-Belege;;;;;;{$Document.KniggeName$} {$Document.KniggeExtension$} {$Document.AllYearsMonth$};nein;@@CurrentUserId;;;;;@@DateFirstDayOfYearAfter12Years;@@DateFirstDayOfYearAfter2Years;4;Keller;;;;
10005;BvBezReg: Nachfragen Corona-Anträge;;Dokument;1;Mandanten;178;Beratung;Beratung;551;Anträge;;8306;;;ja;{$Document.KniggeName$} {$Document.KniggeExtension$} {$Document.AllYearsMonth$};nein;@@CurrentUserId;;;;;@@DateFirstDayOfYearAfter12Years;@@DateFirstDayOfYearAfter2Years;4;Keller;;;;
10006;Projektdokument;;Dokument;40;Kanzlei;181;Kanzlei-Management;Kanzlei-;583;Projekte;;;;;;{$Document.KniggeName$} {$Document.KniggeExtension$} {$Document.AllYearsMonth$};nein;@@CurrentUserId;;;;;@@DateFirstDayOfYearAfter12Years;@@DateFirstDayOfYearAfter2Years;4;Keller;;;;
10007;BvFA Positive Entscheidung AdV;;Dokument;1;Mandanten;5;Steuerakte;Steuern;582;Rechtsbehelfe;;5725;;;ja;{$Document.KniggeName$} {$Document.KniggeExtension$} {$Document.AllYearsMonth$};nein;@@CurrentUserId;;;;;@@DateFirstDayOfYearAfter12Years;@@DateFirstDayOfYearAfter2Years;4;Keller;;;;
10008;BvFA (Teil-) Ablehnung AdV;;Dokument;1;Mandanten;5;Steuerakte;Steuern;582;Rechtsbehelfe;;5740;;;ja;{$Document.KniggeName$} {$Document.KniggeExtension$} {$Document.AllYearsMonth$};nein;@@CurrentUserId;;;;;@@DateFirstDayOfYearAfter12Years;@@DateFirstDayOfYearAfter2Years;4;Keller;;;;
10009;Beleg JA;;Beleg;1;Mandanten;4;Jahresabschluss /Bilanz;JA / Bil;562;Arbeitspapiere zum Jahresabschluss;;;;;;{$Document.KniggeName$} {$Document.KniggeExtension$} {$Document.AllYearsMonth$};nein;@@CurrentUserId;;;;;@@DateFirstDayOfYearAfter12Years;@@DateFirstDayOfYearAfter2Years;4;Keller;;;;
10010;Personalausweis;;Dokument;1;Mandanten;3;Stammakte;Stamm;9;Auftragsunterlagen;erledigt;;;;;{$Document.KniggeName$} {$Document.KniggeExtension$} {$Document.AllYearsMonth$};nein;@@CurrentUserId;;;;;;@@DateFirstDayOfYearAfter2Years;4;Keller;;;;
10011;AU-Bescheinigung;;Dokument;1;Mandanten;9;Lohn;LOHN;574;Arbeitspapiere Lohn;offen;3400;;;;{$Document.KniggeName$} {$Document.KniggeExtension$} {$Document.AllYearsMonth$};nein;@@CurrentUserId;;;;;@@DateFirstDayOfYearAfter12Years;@@DateFirstDayOfYearAfter2Years;4;Keller;;;;
10012;Vergütungsvereinbarung;;Dokument;1;Mandanten;0;<Keine Angabe>;Alle;0;<Keine Angabe>;erledigt;;;;;{$Document.KniggeName$} {$Document.KniggeExtension$} {$Document.AllYearsMonth$};nein;@@CurrentUserId;;;;;@@DateFirstDayOfYearAfter12Years;@@DateFirstDayOfYearAfter2Years;4;Keller;;;;
10013;Mandantenstammdaten;;Dokument;1;Mandanten;3;Stammakte;Stamm;575;Dauerakte;;;;;;{$Document.KniggeName$} {$Document.KniggeExtension$} {$Document.AllYearsMonth$};nein;@@CurrentUserId;;;;;;@@DateFirstDayOfYearAfter2Years;4;Keller;;;;
10014;Literatur;;Dokument;1;Mandanten;5;Steuerakte;Steuern;558;Arbeitspapiere zu Steuererklärungen;erledigt;;;;;{$Document.KniggeName$} {$Document.KniggeExtension$} {$Document.AllYearsMonth$};nein;@@CurrentUserId;;;;;@@DateFirstDayOfYearAfter12Years;@@DateFirstDayOfYearAfter2Years;4;Keller;;;;
10015;Freizeichnung StE;;Dokument;1;Mandanten;5;Steuerakte;Steuern;559;Steuererklärungen;erledigt;;;;;{$Document.KniggeName$} {$Document.KniggeExtension$} {$Document.AllYearsMonth$};nein;@@CurrentUserId;;;;;@@DateFirstDayOfYearAfter12Years;@@DateFirstDayOfYearAfter2Years;4;Keller;;;;
10016;BvFA: Ablehnende Einspruchsentscheidung;;Dokument;1;Mandanten;5;Steuerakte;Steuern;582;Rechtsbehelfe;;4602;;;ja;{$Document.KniggeName$} {$Document.KniggeExtension$} {$Document.AllYearsMonth$};nein;@@CurrentUserId;;;;;@@DateFirstDayOfYearAfter12Years;@@DateFirstDayOfYearAfter2Years;4;Keller;;;;
10017;BvFA: Abhelfende Einspruchsentscheidung;;Dokument;1;Mandanten;5;Steuerakte;Steuern;582;Rechtsbehelfe;;4602;;;ja;{$Document.KniggeName$} {$Document.KniggeExtension$} {$Document.AllYearsMonth$};nein;@@CurrentUserId;;;;;@@DateFirstDayOfYearAfter12Years;@@DateFirstDayOfYearAfter2Years;4;Keller;;;;
10018;BvFG: Anfrage Stellungnahme;;Dokument;1;Mandanten;5;Steuerakte;Steuern;561;FG-Prozesse;;8307;;;ja;{$Document.KniggeName$} {$Document.KniggeExtension$} {$Document.AllYearsMonth$};nein;@@User_KL;;;;;@@DateFirstDayOfYearAfter12Years;@@DateFirstDayOfYearAfter2Years;4;Keller;;;;
10019;BaFG: Stellungnahme an FG;;Dokument;1;Mandanten;5;Steuerakte;Steuern;561;FG-Prozesse;erledigt;;8303;ja;;{$Document.KniggeName$} {$Document.KniggeExtension$} {$Document.AllYearsMonth$};nein;@@User_AV;;;;;@@DateFirstDayOfYearAfter12Years;@@DateFirstDayOfYearAfter2Years;4;Keller;;;;
10020;BaFG: Antrag auf Fristverlängerung;;Dokument;1;Mandanten;5;Steuerakte;Steuern;561;FG-Prozesse;erledigt;;8303;ja;;{$Document.KniggeName$} {$Document.KniggeExtension$} {$Document.AllYearsMonth$};nein;@@User_AV;;;;;@@DateFirstDayOfYearAfter12Years;@@DateFirstDayOfYearAfter2Years;4;Keller;;;;
10021;LogFile Heimbach;;Dokument;1;Mandanten;5;Steuerakte;Steuern;24;Korrespondenz;erledigt;3600;;;;{$Document.KniggeName$} {$Document.KniggeExtension$} {$Document.AllYearsMonth$};nein;@@CurrentUserId;;;;;@@DateFirstDayOfYearAfter12Years;@@DateFirstDayOfYearAfter2Years;4;Keller;;;;
10022;BvFG: Weitere Korrespondenz im Klageverfahren;;Dokument;1;Mandanten;5;Steuerakte;Steuern;561;FG-Prozesse;offen;8307;;;ja;{$Document.KniggeName$} {$Document.KniggeExtension$} {$Document.AllYearsMonth$};nein;@@User_KL;;;;;@@DateFirstDayOfYearAfter12Years;@@DateFirstDayOfYearAfter2Years;4;Keller;;;;
10023;SEPA;Sepa-Mandat;Dokument;1;Mandanten;3;Stammakte;Stamm;9;Auftragsunterlagen;;;;;;{$Document.KniggeName$} {$Document.KniggeExtension$} {$Document.AllYearsMonth$};nein;aylin.ermek;;;;;;@@DateFirstDayOfYearAfter2Years;4;Keller;;;;
10024;Grundbuchinformation;;Dokument;1;Mandanten;3;Stammakte;Stamm;2;Korrespondenz;;3600;;;ja;{$Document.KniggeName$} {$Document.KniggeExtension$};nein;aylin.ermek;;;;;@@DateFirstDayOfYearAfter12Years;@@DateFirstDayOfYearAfter2Years;4;Keller;;;;
10025;BaM Übersendung Steuerbescheid;;Dokument;1;Mandanten;5;Steuerakte;Steuern;24;Korrespondenz;erledigt;;3600;nein;nein;{$Document.KniggeName$} {$Document.KniggeExtension$} {$Document.AllYearsMonth$};nein;@@CurrentUserId;;;;;@@DateFirstDayOfYearAfter12Years;@@DateFirstDayOfYearAfter2Years;4;Keller;;;;
10026;Bescheid Festsetzung des Grundsteuermessbetrags;;Dokument;1;Mandanten;5;Steuerakte;Steuern;560;Steuerbescheide;offen;1400;;;ja;{$Document.KniggeName$} {$Document.KniggeExtension$} {$Document.AllYearsMonth$};nein;@@User_MV;;;;;@@DateFirstDayOfYearAfter12Years;@@DateFirstDayOfYearAfter2Years;4;Keller;;;;
10028;Aufsätze;;Dokument;40;Kanzlei;184;Wissen;Wissen;;;erledigt;;;;;;nein;@@CurrentUserId;;;;;@@DateFirstDayOfYearAfter12Years;@@DateFirstDayOfYearAfter2Years;4;Keller;;;;
10030;BaBank: Übersendung BWA / JA;;Dokument;1;Mandanten;3;Stammakte;Stamm;2;Korrespondenz;erledigt;;5805;ja;;{$Document.KniggeName$} {$Document.KniggeExtension$} {$Document.AllYearsMonth$};nein;@@CurrentUserId;;;;;@@DateFirstDayOfYearAfter12Years;@@DateFirstDayOfYearAfter2Years;4;Keller;;;;
10031;Zinsbescheid;;Dokument;1;Mandanten;5;Steuerakte;Steuern;560;Steuerbescheide;;1400;;;ja;{$Document.KniggeName$} {$Document.KniggeExtension$} {$Document.AllYearsMonth$};ja;@@User_MV;;;;;@@DateFirstDayOfYearAfter13Years;@@DateFirstDayOfYearAfter4Years;4;Keller;;;;
10032;Feststellungsbescheid über den Grundsteuerwert;;Dokument;1;Mandanten;5;Steuerakte;Steuern;560;Steuerbescheide;offen;1400;;;ja;{$Document.KniggeName$} {$Document.KniggeExtension$} {$Document.AllYearsMonth$};nein;@@User_MV;;;;;@@DateFirstDayOfYearAfter12Years;@@DateFirstDayOfYearAfter2Years;4;Keller;;;;
10033;Grundsteuer-Messbescheid;;Dokument;1;Mandanten;5;Steuerakte;Steuern;560;Steuerbescheide;offen;1400;;;ja;{$Document.KniggeName$} {$Document.KniggeExtension$} {$Document.AllYearsMonth$};nein;aylin.ermek;;;;;@@DateFirstDayOfYearAfter12Years;@@DateFirstDayOfYearAfter3Years;4;Keller;;;;
10034;BaM: Abstimmung Konto 1590;;Dokument;1;Mandanten;8;Finanzbuchhaltung;FIBU;581;Korrespondenz;erledigt;;3640;nein;;{$Document.KniggeName$} {$Document.KniggeExtension$} {$Document.AllYearsMonth$};nein;@@CurrentUserId;;;;;@@DateFirstDayOfYearAfter2Years;@@DateFirstDayOfYearAfter2Years;4;Keller;;;;
10035;Bescheid über Verspätungszuschlag;;Dokument;1;Mandanten;5;Steuerakte;Steuern;560;Steuerbescheide;offen;1400;;;ja;{$Document.KniggeName$} {$Document.KniggeExtension$} {$Document.AllYearsMonth$};nein;@@User_MV;;;;;@@DateFirstDayOfYearAfter12Years;@@DateFirstDayOfYearAfter2Years;4;Keller;;;;
10037;Corona: Bescheid über Schlussabrechnung;;Dokument;1;Mandanten;178;Beratung;Beratung;551;Anträge;;8305;;;ja;{$Document.KniggeName$} {$Document.KniggeExtension$} {$Document.Year$};nein;@@CurrentUserId;;;;;@@DateFirstDayOfYearAfter12Years;@@DateFirstDayOfYearAfter2Years;4;Keller;;;;
10038;Eintragungsmeldung Transparenzregister;;Dokument;1;Mandanten;3;Stammakte;Stamm;575;Dauerakte;erledigt;;;;;{$Document.KniggeName$} {$Document.KniggeExtension$};nein;@@CurrentUserId;;;;;;@@DateFirstDayOfYearAfter2Years;4;Keller;;;;
10039;Transparenzregister Anfrage;;Dokument;1;Mandanten;3;Stammakte;Stamm;575;Dauerakte;erledigt;;;;;{$Document.KniggeName$} {$Document.KniggeExtension$};nein;@@CurrentUserId;;;;;;@@DateFirstDayOfYearAfter2Years;4;Keller;;;;
10040;Beraternummer;;Dokument;1;Mandanten;3;Stammakte;Stamm;575;Dauerakte;erledigt;;;;;{$Document.KniggeName$};nein;@@CurrentUserId;;;;;;@@DateFirstDayOfYearAfter2Years;4;Keller;;;;
10041;Sonstige Korrespondenz;;Dokument;1;Mandanten;3;Stammakte;Stamm;2;Korrespondenz;erledigt;;;;;{$Document.KniggeExtension$};nein;@@CurrentUserId;;;;;@@DateFirstDayOfYearAfter13Years;@@DateFirstDayOfYearAfter2Years;4;Keller;;;;
10042;Arbeitspapier Beratung;;Dokument;1;Mandanten;178;Beratung;Beratung;549;Gestaltungsberatung;erledigt;;;;;{$Document.KniggeName$} {$Document.KniggeExtension$};nein;@@CurrentUserId;;;;;@@DateFirstDayOfYearAfter13Years;@@DateFirstDayOfYearAfter2Years;4;Keller;;;;
10043;Teilnahmeerklärung RZ-Bankinfo;;Dokument;1;Mandanten;3;Stammakte;Stamm;9;Auftragsunterlagen;;;;;;{$Document.KniggeName$} {$Document.KniggeExtension$} {$Document.AllYearsMonth$};nein;@@CurrentUserId;;;;;@@DateFirstDayOfYearAfter13Years;@@DateFirstDayOfYearAfter2Years;4;Keller;;;;
10044;Ausgehende allg. Mandantenkorrespondenz;;Dokument;1;Mandanten;3;Stammakte;Stamm;2;Korrespondenz;erledigt;;3660;ja;;{$Document.KniggeName$} {$Document.KniggeExtension$} {$Document.AllYearsMonth$};nein;@@CurrentUserId;;;;;@@DateFirstDayOfYearAfter13Years;@@DateFirstDayOfYearAfter2Years;4;Keller;;;;
10045;FG: Korrespondenz;;Dokument;1;Mandanten;5;Steuerakte;Steuern;24;Korrespondenz;;;4513;ja;;{$Document.KniggeName$} {$Document.KniggeExtension$} {$Document.AllYearsMonth$};nein;@@CurrentUserId;;;;;@@DateFirstDayOfYearAfter12Years;@@DateFirstDayOfYearAfter2Years;4;Keller;;;;
10046;BFH: Nichtzulassungsbeschwerde;;Dokument;1;Mandanten;5;Steuerakte;Steuern;561;FG-Prozesse;erledigt;;4410;ja;;{$Document.KniggeName$} {$Document.KniggeExtension$} {$Document.AllYearsMonth$};nein;@@CurrentUserId;;;;;@@DateFirstDayOfYearAfter13Years;@@DateFirstDayOfYearAfter2Years;4;Keller;;;;
10047;Altbestand für die Jahre;;Dokument;1;Mandanten;179;Altbestand DMS;DMS Alt;565;Steuern;erledigt;;;;;{$Document.KniggeName$};nein;@@CurrentUserId;;;;;@@DateFirstDayOfYearAfter10Years;@@DateFirstDayOfYearAfter2Years;4;Keller;;;;
10048;beSt an FG:;;Dokument;1;Mandanten;5;Steuerakte;Steuern;561;FG-Prozesse;erledigt;;8303;ja;;{$Document.KniggeName$} {$Document.KniggeExtension$} {$Document.AllYearsMonth$};nein;@@CurrentUserId;;;;;@@DateFirstDayOfYearAfter12Years;@@DateFirstDayOfYearAfter2Years;4;Keller;;;;
10049;best an BFH;;Dokument;1;Mandanten;5;Steuerakte;Steuern;561;FG-Prozesse;erledigt;;4821;ja;;{$Document.KniggeName$} {$Document.KniggeExtension$} {$Document.AllYearsMonth$};nein;@@CurrentUserId;;;;;@@DateFirstDayOfYearAfter12Years;@@DateFirstDayOfYearAfter2Years;4;Keller;;;;
10050;Erteilung Betriebsnummer;;Dokument;1;Mandanten;3;Stammakte;Stamm;575;Dauerakte;erledigt;;;;;{$Document.KniggeName$} {$Document.KniggeExtension$} {$Document.AllYearsMonth$};nein;@@CurrentUserId;;;;;;@@DateFirstDayOfYearAfter1Year;4;Keller;;;;
10051;Fastdocs-Datei;;Dokument;1;Mandanten;9;Lohn;LOHN;71;Arbeitnehmer;erledigt;;;;;{$Document.KniggeName$} {$Document.KniggeExtension$} {$Document.AllYearsMonth$};nein;@@CurrentUserId;;;;;@@DateFirstDayOfYearAfter10Years;@@DateFirstDayOfYearAfter2Years;4;Keller;;;;
10052;Personalfragebogen;;Dokument;1;Mandanten;9;Lohn;LOHN;574;Arbeitspapiere Lohn;erledigt;;;;;{$Document.KniggeName$} {$Document.KniggeExtension$} {$Document.AllYearsMonth$};ja;@@CurrentUserId;;;;;@@DateFirstDayOfYearAfter13Years;@@DateFirstDayOfYearAfter1Year;4;Keller;;;;
10053;AP Schlussabrechnungen;;Dokument;1;Mandanten;178;Beratung;Beratung;551;Anträge;;;;;;{$Document.KniggeName$} {$Document.KniggeExtension$} {$Document.AllYearsMonth$};nein;@@CurrentUserId;;;;;@@DateFirstDayOfYearAfter14Years;@@DateFirstDayOfYearAfter2Years;4;Keller;;;;
10054;Erklärung Schlussabrechnung;;Dokument;1;Mandanten;178;Beratung;Beratung;551;Anträge;erledigt;;;;;{$Document.KniggeName$} {$Document.KniggeExtension$} {$Document.AllYearsMonth$};nein;@@CurrentUserId;;;;;@@DateFirstDayOfYearAfter13Years;@@DateFirstDayOfYearAfter2Years;4;Keller;;;;
10055;AP für Corona-SAR;;Dokument;1;Mandanten;178;Beratung;Beratung;551;Anträge;;;;;;{$Document.KniggeName$} {$Document.KniggeExtension$} {$Document.AllYearsMonth$};ja;@@CurrentUserId;;;;;@@DateFirstDayOfYearAfter13Years;@@DateFirstDayOfYearAfter3Years;4;Keller;;;;
10056;Erteilung Wirtschafts-ID-Nummer;;Dokument;1;Mandanten;3;Stammakte;Stamm;575;Dauerakte;erledigt;;;;ja;{$Document.KniggeName$} {$Document.KniggeExtension$} {$Document.AllYearsMonth$};nein;@@CurrentUserId;;;;;@@DateFirstDayOfYearAfter13Years;@@DateFirstDayOfYearAfter3Years;4;Keller;;;;
10057;Unterlagen zum Statusfeststellungsverfahren;;Dokument;1;Mandanten;9;Lohn;LOHN;71;Arbeitnehmer;;;;;;{$Document.KniggeName$} {$Document.KniggeExtension$} {$Document.AllYearsMonth$};nein;@@CurrentUserId;;;;;@@DateFirstDayOfYearAfter12Years;@@DateFirstDayOfYearAfter2Years;4;Keller;;;;
10058;Signaturunterlagen für StE / JA / EÜR;;Dokument;1;Mandanten;3;Stammakte;Stamm;2;Korrespondenz;Freizeichnungsdokument versenden;;;;;{$Document.KniggeName$} {$Document.KniggeExtension$} {$Document.AllYearsMonth$};nein;SKalayci;;;;;@@DateFirstDayOfYearAfter12Years;@@DateFirstDayOfYearAfter3Years;4;Keller;;;;
10059;GWG Report;;Dokument;1;Mandanten;3;Stammakte;Stamm;9;Auftragsunterlagen;erledigt;;;;;{$Document.KniggeName$} {$Document.KniggeExtension$} {$Document.AllYearsMonth$};nein;@@CurrentUserId;;;;;;@@DateFirstDayOfYearAfter3Years;4;Keller;;;;
10060;Bewerbungsunterlagen;;Dokument;40;Kanzlei;153;Personal;Personal;;;erledigt;;;;;{$Document.KniggeName$} {$Document.KniggeExtension$} {$Document.AllYearsMonth$};nein;@@CurrentUserId;;2;Personal;Personalunterlagen;@@DateFirstDayOfYearAfter1Year;@@DateFirstDayOfYearAfter2Years;4;Keller;;;;
10061;Datenprotokoll Offenlegung;;Dokument;1;Mandanten;4;Jahresabschluss /Bilanz;JA / Bil;562;Arbeitspapiere zum Jahresabschluss;erledigt;;;;;{$Document.KniggeName$} {$Document.KniggeExtension$} {$Document.AllYearsMonth$};nein;@@CurrentUserId;;;;;@@DateFirstDayOfYearAfter13Years;@@DateFirstDayOfYearAfter1Year;4;Keller;;;;
10062;BaFG: Klageschrift;;Dokument;1;Mandanten;5;Steuerakte;Steuern;561;FG-Prozesse;erledigt;;;;;{$Document.KniggeName$} {$Document.KniggeExtension$} {$Document.AllYearsMonth$};nein;@@CurrentUserId;;;;;@@DateFirstDayOfYearAfter13Years;@@DateFirstDayOfYearAfter1Year;4;Keller;;;;
10063;Erwerb V&V-Objekt;;Dokument;1;Mandanten;5;Steuerakte;Steuern;558;Arbeitspapiere zu Steuererklärungen;erledigt;;;;;{$Document.KniggeName$} {$Document.KniggeExtension$} {$Document.AllYearsMonth$};nein;@@CurrentUserId;;;;;;@@DateFirstDayOfYearAfter3Years;4;Keller;;;;
10064;Nachweis BLP;;Dokument;1;Mandanten;8;Finanzbuchhaltung;FIBU;576;Arbeitspapiere FiBu;erledigt;;;;;{$Document.KniggeName$} {$Document.KniggeExtension$} {$Document.AllYearsMonth$};nein;@@CurrentUserId;;;;;@@DateFirstDayOfYearAfter13Years;@@DateFirstDayOfYearAfter3Years;4;Keller;;;;
10065;Erteilung Unternehmensnummer;;Dokument;1;Mandanten;3;Stammakte;Stamm;575;Dauerakte;erledigt;;;;;{$Document.KniggeName$} {$Document.KniggeExtension$} {$Document.AllYearsMonth$};nein;@@CurrentUserId;;;;;;@@DateFirstDayOfYearAfter3Years;4;Keller;;;;
10066;Anforderung Einreichung Steuererklärung;;Dokument;1;Mandanten;5;Steuerakte;Steuern;24;Korrespondenz;offen;8309;;;ja;{$Document.KniggeName$} {$Document.KniggeExtension$} {$Document.AllYearsMonth$};nein;@@User_MV;;;;;@@DateFirstDayOfYearAfter13Years;@@DateFirstDayOfYearAfter1Year;4;Keller;;;;
10067;Betriebsprüfung Bericht;;Dokument;1;Mandanten;5;Steuerakte;Steuern;573;Betriebsprüfung;offen;;;;ja;{$Document.KniggeName$} {$Document.KniggeExtension$} {$Document.AllYearsMonth$};nein;;;;;;@@DateFirstDayOfYearAfter15Years;@@DateFirstDayOfYearAfter2Years;4;Keller;;;;
10070;AP MaBV-Prüfung;;Dokument;1;Mandanten;188;Sonstige Assuranceleistungen;Sonstige;598;MaBV;erledigt;;;;;{$Document.KniggeName$} {$Document.KniggeExtension$} {$Document.AllYearsMonth$};nein;@@CurrentUserId;;;;;@@DateFirstDayOfYearAfter13Years;@@DateFirstDayOfYearAfter1Year;4;Keller;;;;
10071;AP FinVermV-Prüfung;;Dokument;1;Mandanten;188;Sonstige Assuranceleistungen;Sonstige;599;FinVermV;erledigt;;;;;{$Document.KniggeName$} {$Document.KniggeExtension$} {$Document.AllYearsMonth$};nein;@@CurrentUserId;;;;;@@DateFirstDayOfYearAfter13Years;@@DateFirstDayOfYearAfter1Year;4;Keller;;;;
10072;Prüfungsbericht MaBV;;Dokument;1;Mandanten;188;Sonstige Assuranceleistungen;Sonstige;598;MaBV;erledigt;;;;;{$Document.KniggeName$} {$Document.Year$};nein;@@User_WP;;;;;@@DateFirstDayOfYearAfter13Years;@@DateFirstDayOfYearAfter1Year;4;Keller;;;;
10073;Prüfprotokoll StE;;Dokument;1;Mandanten;5;Steuerakte;Steuern;558;Arbeitspapiere zu Steuererklärungen;offen;;;;nein;{$Document.KniggeName$} {$Document.KniggeExtension$};ja;@@CurrentUserId;;;;;@@DateFirstDayOfYearAfter13Years;@@DateFirstDayOfYearAfter1Year;4;Keller;;;;
10074;Prüfprotokoll FiBu;;Dokument;1;Mandanten;8;Finanzbuchhaltung;FIBU;576;Arbeitspapiere FiBu;offen;;;;nein;{$Document.KniggeName$} {$Document.KniggeExtension$};ja;@@CurrentUserId;;;;;@@DateFirstDayOfYearAfter13Years;@@DateFirstDayOfYearAfter1Year;4;Keller;;;;
10075;Prüfprotokoll JA;;Dokument;1;Mandanten;4;Jahresabschluss /Bilanz;JA / Bil;562;Arbeitspapiere zum Jahresabschluss;offen;;;;nein;{$Document.KniggeName$} {$Document.KniggeExtension$};ja;@@CurrentUserId;;;;;@@DateFirstDayOfYearAfter13Years;@@DateFirstDayOfYearAfter2Years;4;Keller;;;;
10076;Elektronisches Empfangsbekenntnis;;Dokument;1;Mandanten;5;Steuerakte;Steuern;561;FG-Prozesse;erledigt;;;;;{$Document.KniggeName$} {$Document.KniggeExtension$} {$Document.AllYearsMonth$};nein;@@CurrentUserId;;;;;@@DateFirstDayOfYearAfter13Years;@@DateFirstDayOfYearAfter1Year;4;Keller;;;;
10077;Prüfprotokoll Steuerbescheid;;Dokument;1;Mandanten;5;Steuerakte;Steuern;560;Steuerbescheide;offen;;;;;{$Document.KniggeName$} {$Document.KniggeExtension$} {$Document.AllYearsMonth$};ja;@@User_MV;;;;;@@DateFirstDayOfYearAfter13Years;@@DateFirstDayOfYearAfter1Year;4;Keller;;;;
10078;BaFG:;;Dokument;1;Mandanten;5;Steuerakte;Steuern;561;FG-Prozesse;erledigt;;;;;{$Document.KniggeName$} {$Document.KniggeExtension$} {$Document.AllYearsMonth$};ja;@@CurrentUserId;;;;;@@DateFirstDayOfYearAfter13Years;@@DateFirstDayOfYearAfter3Years;4;Keller;;;;
10079;BvFG:;;Dokument;1;Mandanten;5;Steuerakte;Steuern;561;FG-Prozesse;offen;;;;ja;{$Document.KniggeName$} {$Document.KniggeExtension$} {$Document.AllYearsMonth$};ja;@@User_MV;;;;;@@DateFirstDayOfYearAfter13Years;@@DateFirstDayOfYearAfter3Years;4;Keller;;;;
10080;Bestellungsurkunde;;Dokument;1;Mandanten;190;Nachlasspflege;Nachlass;603;Korrespondenz mit Gericht;erledigt;;;;;{$Document.KniggeName$} {$Document.KniggeExtension$} {$Document.AllYearsMonth$};nein;;;;;;@@DateFirstDayOfYearAfter15Years;@@DateFirstDayOfYearAfter5Years;4;Keller;;;;
10081;Beschluss über Bestellung Nachlasspfleger;;Dokument;1;Mandanten;190;Nachlasspflege;Nachlass;603;Korrespondenz mit Gericht;erledigt;;;;;{$Document.KniggeName$} {$Document.KniggeExtension$} {$Document.AllYearsMonth$};nein;;;;;;@@DateFirstDayOfYearAfter15Years;@@DateFirstDayOfYearAfter1Year;4;Keller;;;;
10082;Vorgangsmappe Nachlasspflegschaft;BITTE HIER DEN NAMEN UND DAS AZ ERGÄNZEN;Dokument;1;Mandanten;190;Nachlasspflege;Nachlass;;;;;;;;{$Document.KniggeName$} {$Document.KniggeExtension$};ja;@@User_AkteV;;;;;;;;;;;;
10083;Personenstandsurkunde;;Dokument;1;Mandanten;190;Nachlasspflege;Nachlass;605;Sonstige Korrespondenz;erledigt;;;;;{$Document.KniggeName$} {$Document.KniggeExtension$} {$Document.AllYearsMonth$};ja;@@User_MV;;;;;@@DateFirstDayOfYearAfter15Years;@@DateFirstDayOfYearAfter3Years;4;Keller;;;;
10084;Automatische Ablage durch KI;;Dokument;;;;;;;;;;;;;{$Document.KniggeName$} {$Document.KniggeExtension$} {$Document.AllYearsMonth$};ja;@@CurrentUserId;;;;;@@DateFirstDayOfYearAfter13Years;@@DateFirstDayOfYearAfter3Years;4;Keller;;;;
